Workbook

Sheet סיכום -  סניפים ומחלקות
B3: רשת - מסכם | C3: 8.25 | D3: 9.25 | E3: 10.25 | F3: 11.25 | G3: 12.25 | H3: 1.26 | I3: 2.26 | J3: 3.26 | K3: 4.26
B4: הכנסות | C4: =+C19+C145+C159+C173+C187 -> 4676893.4 | D4: =+D19+D145+D159+D173+D187 -> 5133633.9 | E4: =+E19+E145+E159+E173+E187 -> 5831123.7 | F4: =+F19+F145+F159+F173+F187 -> 6376266.9 | G4: =+G19+G145+G159+G173+G187 -> 6032676.3 | H4: =+H19+H145+H159+H173+H187 -> 6116191.5 | I4: =+I19+I145+I159+I173+I187 -> 5789351.3 | J4: =+J19+J145+J159+J173+J187 -> 5461910 | K4: =+K19+K145+K159+K173+K187 -> 6209433.3
B5: שכר רופאים | C5: =+C20+C146+F160+C174+C188 -> 835644.76 | D5: =+D20+D146+G160+D174+D188 -> 1609293.6 | E5: =+E20+E146+E160+E174+E188 -> 1969776.5 | F5: =+F20+F146+F160+F174+F188 -> 1935184.8 | G5: =+G20+G146+G160+G174+G188 -> 2292739.6 | H5: =+H20+H146+H160+H174+H188 -> 1987508 | I5: =+I20+I146+I160+I174+I188 -> 1896357.9 | J5: =+J20+J146+J160+J174+J188 -> 2245276.1 | K5: =+K20+K146+K160+K174+K188 -> 2210159.5
B6: % | C6: =+C5/C4 -> 0.17867518 | D6: =+D5/D4 -> 0.3134804 | E6: =+E5/E4 -> 0.33780393 | F6: =+F5/F4 -> 0.30349809 | G6: =+G5/G4 -> 0.38005348 | H6: =+H5/H4 -> 0.32495843 | I6: =+I5/I4 -> 0.32755966 | J6: =+J5/J4 -> 0.41107894 | K6: =+K5/K4 -> 0.35593578
B7: שכר עובדים | C7: =+C22+C148+C162+C176+C190 -> 487724.95 | D7: =+D22+D148+D162+D176+D190 -> 1422891.2 | E7: =+E22+E148+E162+E176+E190 -> 1612541.1 | F7: =+F22+F148+F162+F176+F190 -> 1459346 | G7: =+G22+G148+G162+G176+G190 -> 1607418.7 | H7: =+H22+H148+H162+H176+H190 -> 1490888.2 | I7: =+I22+I148+I162+I176+I190 -> 1507303.8 | J7: =+J22+J148+J162+J176+J190 -> 1534633.6 | K7: =+K22+K148+K162+K176+K190 -> 1799184.9
B8: % | C8: =+C7/C4 -> 0.10428396 | D8: =+D7/D4 -> 0.27717037 | E8: =+E7/E4 -> 0.27654037 | F8: =+F7/F4 -> 0.22887153 | G8: =+G7/G4 -> 0.26645201 | H8: =+H7/H4 -> 0.24376088 | I8: =+I7/I4 -> 0.26035798 | J8: =+J7/J4 -> 0.28097013 | K8: =+K7/K4 -> 0.28975026
B9: קבלני משנה - ספקים | C9: =+C24+C150+C164+C178+C192 -> 0 | D9: =+D24+D150+D164+D178+D192 -> 0 | E9: =+E24+E150+E164+E178+E192 -> 53839 | F9: =+F24+F150+F164+F178+F192 -> 50246 | G9: =+G24+G150+G164+G178+G192 -> 56588.881 | H9: =+H24+H150+H164+H178+H192 -> 64173 | I9: =+I24+I150+I164+I178+I192 -> 53500 | J9: =+J24+J150+J164+J178+J192 -> 50675.424 | K9: =+K24+K150+K164+K178+K192 -> 43656.763
B10: % | C10: =+C9/C4 -> 0 | D10: =+D9/D4 -> 0 | E10: =+E9/E4 -> 0.0092330402 | F10: =+F9/F4 -> 0.0078801594 | G10: =+G9/G4 -> 0.0093803942 | H10: =+H9/H4 -> 0.010492314 | I10: =+I9/I4 -> 0.0092411045 | J10: =+J9/J4 -> 0.0092779676 | K10: =+K9/K4 -> 0.0070307161
B11: וטמרקט | C11: =+C26+C152+C166+C180+C194 -> 0 | D11: =+D26+D152+D166+D180+D194 -> 59138.983 | E11: =+E26+E152+E166+E180+E194 -> 562550.24 | F11: =+F26+F152+F166+F180+F194 -> 652642.14 | G11: =+G26+G152+G166+G180+G194 -> 437692.76 | H11: =+H26+H152+H166+H180+H194 -> 655715.37 | I11: =+I26+I152+I166+I180+I194 -> 573288.14 | J11: =+J26+J152+J166+J180+J194 -> 619227.97 | K11: =+K26+K152+K166+K180+K194 -> 466483.9
B12: % | C12: =+C11/C4 -> 0 | D12: =+D11/D4 -> 0.011519907 | E12: =+E11/E4 -> 0.096473727 | F12: =+F11/F4 -> 0.1023549 | G12: =+G11/G4 -> 0.072553663 | H12: =+H11/H4 -> 0.10720975 | I12: =+I11/I4 -> 0.09902459 | J12: =+J11/J4 -> 0.11337206 | K12: =+K11/K4 -> 0.075125035
B13: תרומה ישירה | C13: =+C4-C5-C7-C9-C11 -> 3353523.7 | D13: =+D4-D5-D7-D9-D11 -> 2042310.1 | E13: =+E4-E5-E7-E9-E11 -> 1632416.9 | F13: =+F4-F5-F7-F9-F11 -> 2278848 | G13: =+G4-G5-G7-G9-G11 -> 1638236.3 | H13: =+H4-H5-H7-H9-H11 -> 1917906.9 | I13: =+I4-I5-I7-I9-I11 -> 1758901.4 | J13: =+J4-J5-J7-J9-J11 -> 1012096.9 | K13: =+K4-K5-K7-K9-K11 -> 1689948.2
B14: רווחיות תרומה ישירה | C14: =+C13/C4 -> 0.71704087 | D14: =+D13/D4 -> 0.39782932 | E14: =+E13/E4 -> 0.27994894 | F14: =+F13/F4 -> 0.35739533 | G14: =+G13/G4 -> 0.27156045 | H14: =+H13/H4 -> 0.31357863 | I14: =+I13/I4 -> 0.30381666 | J14: =+J13/J4 -> 0.18530091 | K14: =+K13/K4 -> 0.2721582
B15: בדיקה | C15: =+C4-'הכנסות - מרכז'!I94 -> 0 | D15: =+D4-'הכנסות - מרכז'!J94 -> 0 | E15: =+E4-'הכנסות - מרכז'!K94 -> 0 | F15: =+F4-'הכנסות - מרכז'!L94 -> 0 | G15: =+G4-'הכנסות - מרכז'!M94 -> 0 | H15: =+H4-'הכנסות - מרכז'!N94 -> 0 | I15: =+I4-'הכנסות - מרכז'!O94 -> 0 | J15: =+J4-'הכנסות - מרכז'!P94 -> 0 | K15: =+K4-'הכנסות - מרכז'!Q94 -> 0
B18: כפר סבא מסכם | C18: 8.25 | D18: 9.25 | E18: 10.25 | F18: 11.25 | G18: 12.25 | H18: 1.26 | I18: 2.26 | J18: 3.26 | K18: 4.26
B19: הכנסות | C19: =+C33+C47+C61+C75+C131+C89+C103+C117 -> 3771427.3 | D19: =+D33+D47+D61+D75+D131+D89+D103+D117 -> 3190722.9 | E19: =+E33+E47+E61+E75+E131+E89+E103+E117 -> 3589999.2 | F19: =+F33+F47+F61+F75+F131+F89+F103+F117 -> 4101214.4 | G19: =+G33+G47+G61+G75+G131+G89+G103+G117 -> 3776817.8 | H19: =+H33+H47+H61+H75+H131+H89+H103+H117 -> 3768811 | I19: =+I33+I47+I61+I75+I131+I89+I103+I117 -> 3564782.3 | J19: =+J33+J47+J61+J75+J131+J89+J103+J117 -> 3355766 | K19: =+K33+K47+K61+K75+K131+K89+K103+K117 -> 3669000
B20: שכר רופאים | C20: =+C34+C48+C62+C76+C132 -> 0 | D20: =+D34+D48+D62+D76+D132+D90+D104+D118 -> 799521.8 | E20: =+E34+E48+E62+E76+E132+E90+E104+E118 -> 1036511.4 | F20: =+F34+F48+F62+F76+F132+F90+F104+F118 -> 1033474 | G20: =+G34+G48+G62+G76+G132+G90+G104+G118 -> 1218027.6 | H20: =+H34+H48+H62+H76+H132+H90+H104+H118 -> 1078842.3 | I20: =+I34+I48+I62+I76+I132+I90+I104+I118 -> 1085956.4 | J20: =+J34+J48+J62+J76+J132+J90+J104+J118 -> 1432175.1 | K20: =+K34+K48+K62+K76+K132+K90+K104+K118 -> 1315380
B21: % | C21: =+C20/C19 -> 0 | D21: =+D20/D19 -> 0.25057701 | E21: =+E20/E19 -> 0.28872189 | F21: =+F20/F19 -> 0.25199219 | G21: =+G20/G19 -> 0.32250103 | H21: =+H20/H19 -> 0.28625535 | I21: =+I20/I19 -> 0.3046347 | J21: =+J20/J19 -> 0.42678038 | K21: =+K20/K19 -> 0.35851185
B22: שכר עובדים | C22: =+C36+C50+C64+C78+C134 -> 0 | D22: =+D36+D50+D64+D78+D134+D92+D106+D120 -> 935871.2 | E22: =+E36+E50+E64+E78+E134+E92+E106+E120 -> 1055674 | F22: =+F36+F50+F64+F78+F134+F92+F106+F120 -> 967621 | G22: =+G36+G50+G64+G78+G134+G92+G106+G120 -> 1038224 | H22: =+H36+H50+H64+H78+H134+H92+H106+H120 -> 996930.52 | I22: =+I36+I50+I64+I78+I134+I92+I106+I120 -> 1032109.8 | J22: =+J36+J50+J64+J78+J134+J92+J106+J120 -> 1049914.1 | K22: =+K36+K50+K64+K78+K134+K92+K106+K120 -> 1246381.1
B23: % | C23: =+C22/C19 -> 0 | D23: =+D22/D19 -> 0.29331009 | E23: =+E22/E19 -> 0.29405968 | F23: =+F22/F19 -> 0.23593524 | G23: =+G22/G19 -> 0.27489385 | H23: =+H22/H19 -> 0.26452123 | I23: =+I22/I19 -> 0.28952956 | J23: =+J22/J19 -> 0.31286869 | K23: =+K22/K19 -> 0.33970595
B24: קבלני משנה - ספקים | C24: =+C38+C52+C66+C80+C136 -> 0 | D24: =+D38+D52+D66+D80+D136+D94+D108+D122 -> 0 | E24: =+E38+E52+E66+E80+E136 -> 53839 | F24: =+F38+F52+F66+F80+F136 -> 50246 | G24: =+G38+G52+G66+G80+G136 -> 56588.881 | H24: =+H38+H52+H66+H80+H136 -> 64173 | I24: =+I38+I52+I66+I80+I136 -> 53500 | J24: =+J38+J52+J66+J80+J136 -> 50675.424 | K24: =+K38+K52+K66+K80+K136 -> 43656.763
B25: % | C25: =+C24/C19 -> 0 | D25: =+D24/D19 -> 0 | E25: =+E24/E19 -> 0.014996939 | F25: =+F24/F19 -> 0.012251493 | G25: =+G24/G19 -> 0.014983217 | H25: =+H24/H19 -> 0.017027386 | I25: =+I24/I19 -> 0.015007929 | J25: =+J24/J19 -> 0.015101 | K25: =+K24/K19 -> 0.011898818
B26: וטמרקט | C26: =+C40+C54+C68+C82+C138 -> 0 | D26: =+D40+D54+D68+D82+D138+D96+D110+D124 -> 0 | E26: =+E40+E54+E68+E82+E138+E96+E110+E124 -> 269046 | F26: =+F40+F54+F68+F82+F138+F96+F110+F124 -> 359304 | G26: =+G40+G54+G68+G82+G138+G96+G110+G124 -> 137267 | H26: =+H40+H54+H68+H82+H138+H96+H110+H124 -> 385373 | I26: =+I40+I54+I68+I82+I138+I96+I110+I124 -> 264427.97 | J26: =+J40+J54+J68+J82+J138+J96+J110+J124 -> 330523.73 | K26: =+K40+K54+K68+K82+K138+K96+K110+K124 -> 182830.51
B27: % | C27: =+C26/C19 -> 0 | D27: =+D26/D19 -> 0 | E27: =+E26/E19 -> 0.074943193 | F27: =+F26/F19 -> 0.087609172 | G27: =+G26/G19 -> 0.036344618 | H27: =+H26/H19 -> 0.1022532 | I27: =+I26/I19 -> 0.074177873 | J27: =+J26/J19 -> 0.098494272 | K27: =+K26/K19 -> 0.049831155
B28: תרומה ישירה | C28: =+C19-C20-C22-C24-C26 -> 3771427.3 | D28: =+D19-D20-D22-D24-D26 -> 1455329.9 | E28: =+E19-E20-E22-E24-E26 -> 1174928.8 | F28: =+F19-F20-F22-F24-F26 -> 1690569.4 | G28: =+G19-G20-G22-G24-G26 -> 1326710.3 | H28: =+H19-H20-H22-H24-H26 -> 1243492.2 | I28: =+I19-I20-I22-I24-I26 -> 1128788.1 | J28: =+J19-J20-J22-J24-J26 -> 492477.64 | K28: =+K19-K20-K22-K24-K26 -> 880751.62
B29: רווחיות תרומה ישירה | C29: =+C28/C19 -> 1 | D29: =+D28/D19 -> 0.4561129 | E29: =+E28/E19 -> 0.3272783 | F29: =+F28/F19 -> 0.41221191 | G29: =+G28/G19 -> 0.35127728 | H29: =+H28/H19 -> 0.32994283 | I29: =+I28/I19 -> 0.31664993 | J29: =+J28/J19 -> 0.14675566 | K29: =+K28/K19 -> 0.24005223
B32: חירום | C32: 8.25 | D32: 9.25 | E32: 10.25 | F32: 11.25 | G32: 12.25 | H32: 1.26 | I32: 2.26 | J32: 3.26 | K32: 4.26
B33: הכנסות | C33: =+'הכנסות - מרכז'!I78 -> 1526301.7 | D33: =+'הכנסות - מרכז'!J78 -> 1456678 | E33: =+'הכנסות - מרכז'!K78 -> 1598972 | F33: =+'הכנסות - מרכז'!L78 -> 1545136.4 | G33: =+'הכנסות - מרכז'!M78 -> 1429006.8 | H33: =+'הכנסות - מרכז'!N78 -> 1568003.4 | I33: =+'הכנסות - מרכז'!O78 -> 1465456.4 | J33: =+'הכנסות - מרכז'!P78 -> 1360763.7 | K33: =+'הכנסות - מרכז'!Q78 -> 1495000
B34: שכר רופאים | D34: =+'נתוני כ"ס - חירום'!G97 -> 451826.8 | E34: =+'נתוני כ"ס - חירום'!H97 -> 423292 | F34: =+'נתוני כ"ס - חירום'!I97 -> 406374 | G34: =+'נתוני כ"ס - חירום'!J97 -> 532636 | H34: =+'נתוני כ"ס - חירום'!K97 -> 429896.04 | I34: =+'נתוני כ"ס - חירום'!L97 -> 389279.61 | J34: =+'נתוני כ"ס - חירום'!M97 -> 464606.64 | K34: =+'נתוני כ"ס - חירום'!N97 -> 545856.87
B35: % | C35: =+C34/C33 -> 0 | D35: =+D34/D33 -> 0.31017618 | E35: =+E34/E33 -> 0.26472758 | F35: =+F34/F33 -> 0.26300202 | G35: =+G34/G33 -> 0.37273161 | H35: =+H34/H33 -> 0.2741678 | I35: =+I34/I33 -> 0.2656371 | J35: =+J34/J33 -> 0.34143079 | K35: =+K34/K33 -> 0.36512165
B36: שכר עובדים | D36: =+'נתוני כ"ס - חירום'!G96 -> 432916 | E36: =+'נתוני כ"ס - חירום'!H96 -> 562197 | F36: =+'נתוני כ"ס - חירום'!I96 -> 434191 | G36: =+'נתוני כ"ס - חירום'!J96 -> 486971 | H36: =+'נתוני כ"ס - חירום'!K96 -> 418556.19 | I36: =+'נתוני כ"ס - חירום'!L96 -> 410150.89 | J36: =+'נתוני כ"ס - חירום'!M96 -> 439172.35 | K36: =+'נתוני כ"ס - חירום'!N96 -> 558265.76
B37: % | C37: =+C36/C33 -> 0 | D37: =+D36/D33 -> 0.29719403 | E37: =+E36/E33 -> 0.35159902 | F37: =+F36/F33 -> 0.28100496 | G37: =+G36/G33 -> 0.34077585 | H37: =+H36/H33 -> 0.26693577 | I37: =+I36/I33 -> 0.27987927 | J37: =+J36/J33 -> 0.32273961 | K37: =+K36/K33 -> 0.37342191
B38: קבלני משנה - ספקים
B39: % | C39: =+C38/C33 -> 0 | D39: =+D38/D33 -> 0 | E39: =+E38/E33 -> 0 | F39: =+F38/F33 -> 0 | G39: =+G38/G33 -> 0 | H39: =+H38/H33 -> 0 | I39: =+I38/I33 -> 0 | J39: =+J38/J33 -> 0 | K39: =+K38/K33 -> 0
B40: וטמרקט | E40: =+'וטרמקט ואלסמד'!J5+'וטרמקט ואלסמד'!J6 -> 232255 | F40: =+'וטרמקט ואלסמד'!K5+'וטרמקט ואלסמד'!K6 -> 302662 | G40: =+'וטרמקט ואלסמד'!L5+'וטרמקט ואלסמד'!L6 -> 82318 | H40: =+'וטרמקט ואלסמד'!M5+'וטרמקט ואלסמד'!M6 -> 298774 | I40: =+'וטרמקט ואלסמד'!N5+'וטרמקט ואלסמד'!N6 -> 200620.34 | J40: =+'וטמרקט ואלסמד 2-4.26'!L8 -> 279275.42 | K40: =+'וטמרקט ואלסמד 2-4.26'!S9 -> 126859.32
B41: % | C41: =+C40/C33 -> 0 | D41: =+D40/D33 -> 0 | E41: =+E40/E33 -> 0.1452527 | F41: =+F40/F33 -> 0.19588044 | G41: =+G40/G33 -> 0.057605045 | H41: =+H40/H33 -> 0.19054423 | I41: =+I40/I33 -> 0.13689956 | J41: =+J40/J33 -> 0.20523432 | K41: =+K40/K33 -> 0.084855734
B42: תרומה ישירה | C42: =+C33-C34-C36-C38-C40 -> 1526301.7 | D42: =+D33-D34-D36-D38-D40 -> 571935.17 | E42: =+E33-E34-E36-E38-E40 -> 381228.03 | F42: =+F33-F34-F36-F38-F40 -> 401909.44 | G42: =+G33-G34-G36-G38-G40 -> 327081.78 | H42: =+H33-H34-H36-H38-H40 -> 420777.16 | I42: =+I33-I34-I36-I38-I40 -> 465405.61 | J42: =+J33-J34-J36-J38-J40 -> 177709.32 | K42: =+K33-K34-K36-K38-K40 -> 264018.05
B43: רווחיות תרומה ישירה | C43: =+C42/C33 -> 1 | D43: =+D42/D33 -> 0.39262979 | E43: =+E42/E33 -> 0.2384207 | F43: =+F42/F33 -> 0.26011259 | G43: =+G42/G33 -> 0.22888749 | H43: =+H42/H33 -> 0.2683522 | I43: =+I42/I33 -> 0.31758406 | J43: =+J42/J33 -> 0.13059528 | K43: =+K42/K33 -> 0.1766007
B46: נוירולוגיה | C46: 8.25 | D46: 9.25 | E46: 10.25 | F46: 11.25 | G46: 12.25 | H46: 1.26 | I46: 2.26 | J46: 3.26 | K46: 4.26
B47: הכנסות | C47: =+'הכנסות - מרכז'!I79 -> 764258.47 | D47: =+'הכנסות - מרכז'!J79 -> 434802.54 | E47: =+'הכנסות - מרכז'!K79 -> 475744.07 | F47: =+'הכנסות - מרכז'!L79 -> 805726.27 | G47: =+'הכנסות - מרכז'!M79 -> 550269.49 | H47: =+'הכנסות - מרכז'!N79 -> 483768.64 | I47: =+'הכנסות - מרכז'!O79 -> 412191.26 | J47: =+'הכנסות - מרכז'!P79 -> 488269.97 | K47: =+'הכנסות - מרכז'!Q79 -> 518000
B48: שכר רופאים | D48: =+'נתוני כ"ס - נוירו '!G20 -> 121651 | E48: =+'נתוני כ"ס - נוירו '!H20+'רופאים בחשבונית'!U9 -> 109232 | F48: =+'נתוני כ"ס - נוירו '!I20+'רופאים בחשבונית'!V9 -> 122035 | G48: =+'נתוני כ"ס - נוירו '!J20+'רופאים בחשבונית'!W9 -> 131618 | H48: =+'נתוני כ"ס - נוירו '!K20+'רופאים בחשבונית'!X9 -> 134088.26 | I48: =+'נתוני כ"ס - נוירו '!L20+'רופאים בחשבונית'!Y9 -> 159341.08 | J48: =+'נתוני כ"ס - נוירו '!M20+'רופאים בחשבונית'!Z9 -> 165055.09 | K48: =+'נתוני כ"ס - נוירו '!N20+'רופאים בחשבונית'!AA9 -> 172551.43
B49: % | C49: =+C48/C47 -> 0 | D49: =+D48/D47 -> 0.27978447 | E49: =+E48/E47 -> 0.22960244 | F49: =+F48/F47 -> 0.15145963 | G49: =+G48/G47 -> 0.23918826 | H49: =+H48/H47 -> 0.27717435 | I49: =+I48/I47 -> 0.38657074 | J49: =+J48/J47 -> 0.33804063 | K49: =+K48/K47 -> 0.33311087
B50: שכר עובדים | D50: =+'נתוני כ"ס - נוירו '!G19 -> 72007 | E50: =+'נתוני כ"ס - נוירו '!H19 -> 85481 | F50: =+'נתוני כ"ס - נוירו '!I19 -> 91575 | G50: =+'נתוני כ"ס - נוירו '!J19 -> 93961 | H50: =+'נתוני כ"ס - נוירו '!K19 -> 100550.7 | I50: =+'נתוני כ"ס - נוירו '!L19 -> 99760.18 | J50: =+'נתוני כ"ס - נוירו '!M19 -> 90712.01 | K50: =+'נתוני כ"ס - נוירו '!N19 -> 100527.62
B51: % | C51: =+C50/C47 -> 0 | D51: =+D50/D47 -> 0.16560851 | E51: =+E50/E47 -> 0.17967854 | F51: =+F50/F47 -> 0.11365522 | G51: =+G50/G47 -> 0.17075451 | H51: =+H50/H47 -> 0.20784873 | I51: =+I50/I47 -> 0.242024 | J51: =+J50/J47 -> 0.18578249 | K51: =+K50/K47 -> 0.19406876
A52: אלסמד | B52: קבלני משנה - ספקים | E52: =+'וטרמקט ואלסמד'!U136 -> 40339 | F52: =+'וטרמקט ואלסמד'!V136 -> 39746 | G52: =+'וטרמקט ואלסמד'!W136 -> 43838.881 | H52: =+'וטרמקט ואלסמד'!X136 -> 50423 | I52: =+'וטמרקט ואלסמד 2-4.26'!B9 -> 43000 | J52: =+'וטמרקט ואלסמד 2-4.26'!K9 -> 38025.424 | K52: =+'וטמרקט ואלסמד 2-4.26'!R10 -> 34406.763
B53: % | C53: =+C52/C47 -> 0 | D53: =+D52/D47 -> 0 | E53: =+E52/E47 -> 0.084791388 | F53: =+F52/F47 -> 0.049329408 | G53: =+G52/G47 -> 0.079668021 | H53: =+H52/H47 -> 0.10422957 | I53: =+I52/I47 -> 0.1043205 | J53: =+J52/J47 -> 0.077877867 | K53: =+K52/K47 -> 0.066422322
B54: וטמרקט | E54: =+'וטרמקט ואלסמד'!J3 -> 25750 | F54: =+'וטרמקט ואלסמד'!K3 -> 15569 | G54: =+'וטרמקט ואלסמד'!L3 -> 26108 | H54: =+'וטרמקט ואלסמד'!M3 -> 16373 | I54: =+'וטרמקט ואלסמד'!N3 -> 23022.034 | J54: =+'וטמרקט ואלסמד 2-4.26'!L9 -> 9283.8983 | K54: =+'וטמרקט ואלסמד 2-4.26'!S10 -> 17086.441
B55: % | C55: =+C54/C47 -> 0 | D55: =+D54/D47 -> 0 | E55: =+E54/E47 -> 0.054125741 | F55: =+F54/F47 -> 0.01932294 | G55: =+G54/G47 -> 0.047445843 | H55: =+H54/H47 -> 0.03384469 | I55: =+I54/I47 -> 0.055852794 | J55: =+J54/J47 -> 0.019013863 | K55: =+K54/K47 -> 0.032985407
B56: תרומה ישירה | C56: =+C47-C48-C50-C52-C54 -> 764258.47 | D56: =+D47-D48-D50-D52-D54 -> 241144.54 | E56: =+E47-E48-E50-E52-E54 -> 214942.07 | F56: =+F47-F48-F50-F52-F54 -> 536801.27 | G56: =+G47-G48-G50-G52-G54 -> 254743.61 | H56: =+H47-H48-H50-H52-H54 -> 182333.68 | I56: =+I47-I48-I50-I52-I54 -> 87067.969 | J56: =+J47-J48-J50-J52-J54 -> 185193.55 | K56: =+K47-K48-K50-K52-K54 -> 193427.75
B57: רווחיות תרומה ישירה | C57: =+C56/C47 -> 1 | D57: =+D56/D47 -> 0.55460702 | E57: =+E56/E47 -> 0.45180189 | F57: =+F56/F47 -> 0.6662328 | G57: =+G56/G47 -> 0.46294337 | H57: =+H56/H47 -> 0.37690265 | I57: =+I56/I47 -> 0.21123196 | J57: =+J56/J47 -> 0.37928515 | K57: =+K56/K47 -> 0.37341264
B60: הדמיה | C60: 8.25 | D60: 9.25 | E60: 10.25 | F60: 11.25 | G60: 12.25 | H60: 1.26 | I60: 2.26 | J60: 3.26 | K60: 4.26
B61: הכנסות | C61: =+'הכנסות - מרכז'!I80 -> 473889.83 | D61: =+'הכנסות - מרכז'!J80 -> 478566.95 | E61: =+'הכנסות - מרכז'!K80 -> 464872.88 | F61: =+'הכנסות - מרכז'!L80 -> 531811.02 | G61: =+'הכנסות - מרכז'!M80 -> 560002.54 | H61: =+'הכנסות - מרכז'!N80 -> 527280.51 | I61: =+'הכנסות - מרכז'!O80 -> 566904.63 | J61: =+'הכנסות - מרכז'!P80 -> 434486.95 | K61: =+'הכנסות - מרכז'!Q80 -> 573000
B62: שכר רופאים | D62: =+'נתוני כ"ס - הדמיה'!G18 -> 80367 | E62: =+'נתוני כ"ס - הדמיה'!H19 -> 110676 | F62: =+'נתוני כ"ס - הדמיה'!I19 -> 103929 | G62: =+'נתוני כ"ס - הדמיה'!J19 -> 107995 | H62: =+'נתוני כ"ס - הדמיה'!K19 -> 108203.59 | I62: =+'נתוני כ"ס - הדמיה'!L19 -> 101957.04 | J62: =+'נתוני כ"ס - הדמיה'!M19 -> 95977.36 | K62: =+'נתוני כ"ס - הדמיה'!N19 -> 110199.87
B63: % | C63: =+C62/C61 -> 0 | D63: =+D62/D61 -> 0.16793262 | E63: =+E62/E61 -> 0.23807799 | F63: =+F62/F61 -> 0.19542468 | G63: =+G62/G61 -> 0.19284734 | H63: =+H62/H61 -> 0.20521068 | I63: =+I62/I61 -> 0.17984866 | J63: =+J62/J61 -> 0.22089814 | K63: =+K62/K61 -> 0.19232089
B64: שכר עובדים | D64: =+'נתוני כ"ס - הדמיה'!G19 -> 104136 | E64: =+'נתוני כ"ס - הדמיה'!H18 -> 87452 | F64: =+'נתוני כ"ס - הדמיה'!I18 -> 80906 | G64: =+'נתוני כ"ס - הדמיה'!J18 -> 100337 | H64: =+'נתוני כ"ס - הדמיה'!K18 -> 83375.49 | I64: =+'נתוני כ"ס - הדמיה'!L18 -> 86193.03 | J64: =+'נתוני כ"ס - הדמיה'!M18 -> 66168.05 | K64: =+'נתוני כ"ס - הדמיה'!N18 -> 92245.9
B65: % | C65: =+C64/C61 -> 0 | D65: =+D64/D61 -> 0.21759965 | E65: =+E64/E61 -> 0.18812024 | F65: =+F64/F61 -> 0.15213299 | G65: =+G64/G61 -> 0.1791724 | H65: =+H64/H61 -> 0.1581236 | I65: =+I64/I61 -> 0.1520415 | J65: =+J64/J61 -> 0.15229008 | K65: =+K64/K61 -> 0.16098761
A66: אלסמד | B66: קבלני משנה - ספקים | E66: =+'וטרמקט ואלסמד'!U137 -> 13500 | F66: =+'וטרמקט ואלסמד'!V137 -> 10500 | G66: =+'וטרמקט ואלסמד'!W137 -> 12750 | H66: =+'וטרמקט ואלסמד'!X137 -> 13750 | I66: =+'וטרמקט ואלסמד'!Y137 -> 10500 | J66: =+'וטמרקט ואלסמד 2-4.26'!K11 -> 12650 | K66: =+'וטמרקט ואלסמד 2-4.26'!R12 -> 9250
B67: % | C67: =+C66/C61 -> 0 | D67: =+D66/D61 -> 0 | E67: =+E66/E61 -> 0.029040197 | F67: =+F66/F61 -> 0.019743856 | G67: =+G66/G61 -> 0.022767754 | H67: =+H66/H61 -> 0.026077201 | I67: =+I66/I61 -> 0.018521634 | J67: =+J66/J61 -> 0.029114799 | K67: =+K66/K61 -> 0.016143106
B68: וטמרקט | E68: =+'וטרמקט ואלסמד'!J2 -> 5609 | F68: =+'וטרמקט ואלסמד'!K2 -> 5777 | G68: =+'וטרמקט ואלסמד'!L2 -> 3228 | H68: =+'וטרמקט ואלסמד'!M2 -> 7894 | I68: =+'וטרמקט ואלסמד'!N2 -> 19785.593 | J68: =+'וטמרקט ואלסמד 2-4.26'!L11 -> 1749.1525 | K68: =+'וטמרקט ואלסמד 2-4.26'!S12 -> 5995.7627
B69: % | C69: =+C68/C61 -> 0 | D69: =+D68/D61 -> 0 | E69: =+E68/E61 -> 0.012065664 | F69: =+F68/F61 -> 0.010862881 | G69: =+G68/G61 -> 0.0057642595 | H69: =+H68/H61 -> 0.014971158 | I69: =+I68/I61 -> 0.034901097 | J69: =+J68/J61 -> 0.0040257885 | K69: =+K68/K61 -> 0.010463809
B70: תרומה ישירה | C70: =+C61-C62-C64-C66-C68 -> 473889.83 | D70: =+D61-D62-D64-D66-D68 -> 294063.95 | E70: =+E61-E62-E64-E66-E68 -> 247635.88 | F70: =+F61-F62-F64-F66-F68 -> 330699.02 | G70: =+G61-G62-G64-G66-G68 -> 335692.54 | H70: =+H61-H62-H64-H66-H68 -> 314057.43 | I70: =+I61-I62-I64-I66-I68 -> 348468.97 | J70: =+J61-J62-J64-J66-J68 -> 257942.38 | K70: =+K61-K62-K64-K66-K68 -> 355308.47
B71: רווחיות תרומה ישירה | C71: =+C70/C61 -> 1 | D71: =+D70/D61 -> 0.61446773 | E71: =+E70/E61 -> 0.53269591 | F71: =+F70/F61 -> 0.62183559 | G71: =+G70/G61 -> 0.59944825 | H71: =+H70/H61 -> 0.59561737 | I71: =+I70/I61 -> 0.61468711 | J71: =+J70/J61 -> 0.59367119 | K71: =+K70/K61 -> 0.62008459
B74: כירורגיה | C74: 8.25 | D74: 9.25 | E74: 10.25 | F74: 11.25 | G74: 12.25 | H74: 1.26 | I74: 2.26 | J74: 3.26 | K74: 4.26
B75: הכנסות | C75: =+'הכנסות - מרכז'!I81 -> 561457.63 | D75: =+'הכנסות - מרכז'!J81 -> 443380.51 | E75: =+'הכנסות - מרכז'!K81 -> 592930.51 | F75: =+'הכנסות - מרכז'!L81 -> 639583.05 | G75: =+'הכנסות - מרכז'!M81 -> 620245.76 | H75: =+'הכנסות - מרכז'!N81 -> 655839.83 | I75: =+'הכנסות - מרכז'!O81 -> 602694.77 | J75: =+'הכנסות - מרכז'!P81 -> 612690.8 | K75: =+'הכנסות - מרכז'!Q81 -> 565000
B76: שכר רופאים | D76: =+'נתוני כ"ס - כירורגיה'!G26 -> 79061 | E76: =+'נתוני כ"ס - כירורגיה'!H26+'רופאים בחשבונית'!U8 -> 102525 | F76: =+'נתוני כ"ס - כירורגיה'!I26+'רופאים בחשבונית'!V8 -> 79509 | G76: =+'נתוני כ"ס - כירורגיה'!J26+'רופאים בחשבונית'!W8 -> 79626 | H76: =+'נתוני כ"ס - כירורגיה'!K26+'רופאים בחשבונית'!X8 -> 87817.21 | I76: =+'נתוני כ"ס - כירורגיה'!L26+'רופאים בחשבונית'!Y8 -> 100785.16 | J76: =+'נתוני כ"ס - כירורגיה'!M26+'רופאים בחשבונית'!Z8 -> 444879.15 | K76: =+'נתוני כ"ס - כירורגיה'!N26+'רופאים בחשבונית'!AA8 -> 110914.75
B77: % | C77: =+C76/C75 -> 0 | D77: =+D76/D75 -> 0.17831411 | E77: =+E76/E75 -> 0.17291234 | F77: =+F76/F75 -> 0.1243138 | G77: =+G76/G75 -> 0.12837814 | H77: =+H76/H75 -> 0.13390039 | I77: =+I76/I75 -> 0.16722422 | J77: =+J76/J75 -> 0.72610711 | K77: =+K76/K75 -> 0.19630929
B78: שכר עובדים | D78: =+'נתוני כ"ס - כירורגיה'!G25 -> 130249 | E78: =+'נתוני כ"ס - כירורגיה'!H25 -> 134458 | F78: =+'נתוני כ"ס - כירורגיה'!I25 -> 160344 | G78: =+'נתוני כ"ס - כירורגיה'!J25 -> 142842 | H78: =+'נתוני כ"ס - כירורגיה'!K25 -> 112476.88 | I78: =+'נתוני כ"ס - כירורגיה'!L25 -> 100238.45 | J78: =+'נתוני כ"ס - כירורגיה'!M25 -> 112866.01 | K78: =+'נתוני כ"ס - כירורגיה'!N25 -> 150519.47
B79: % | C79: =+C78/C75 -> 0 | D79: =+D78/D75 -> 0.29376348 | E79: =+E78/E75 -> 0.22676856 | F79: =+F78/F75 -> 0.25070083 | G79: =+G78/G75 -> 0.23029903 | H79: =+H78/H75 -> 0.17150053 | I79: =+I78/I75 -> 0.16631711 | J79: =+J78/J75 -> 0.18421365 | K79: =+K78/K75 -> 0.26640614
B80: קבלני משנה - ספקים
B81: % | C81: =+C80/C75 -> 0 | D81: =+D80/D75 -> 0 | E81: =+E80/E75 -> 0 | F81: =+F80/F75 -> 0 | G81: =+G80/G75 -> 0 | H81: =+H80/H75 -> 0 | I81: =+I80/I75 -> 0 | J81: =+J80/J75 -> 0 | K81: =+K80/K75 -> 0
B82: וטמרקט | E82: =+'וטרמקט ואלסמד'!J4 -> 5432 | F82: =+'וטרמקט ואלסמד'!K4 -> 35296 | G82: =+'וטרמקט ואלסמד'!L4 -> 25613 | H82: =+'וטרמקט ואלסמד'!M4 -> 62332 | I82: =+'וטרמקט ואלסמד'!N4 -> 21000 | J82: =+'וטמרקט ואלסמד 2-4.26'!L10 -> 40215.254 | K82: =+'וטמרקט ואלסמד 2-4.26'!S11 -> 32888.983
B83: % | C83: =+C82/C75 -> 0 | D83: =+D82/D75 -> 0 | E83: =+E82/E75 -> 0.0091612759 | F83: =+F82/F75 -> 0.055185953 | G83: =+G82/G75 -> 0.041294921 | H83: =+H82/H75 -> 0.095041498 | I83: =+I82/I75 -> 0.034843508 | J83: =+J82/J75 -> 0.065637111 | K83: =+K82/K75 -> 0.058210589
B84: תרומה ישירה | C84: =+C75-C76-C78-C80-C82 -> 561457.63 | D84: =+D75-D76-D78-D80-D82 -> 234070.51 | E84: =+E75-E76-E78-E80-E82 -> 350515.51 | F84: =+F75-F76-F78-F80-F82 -> 364434.05 | G84: =+G75-G76-G78-G80-G82 -> 372164.76 | H84: =+H75-H76-H78-H80-H82 -> 393213.74 | I84: =+I75-I76-I78-I80-I82 -> 380671.16 | J84: =+J75-J76-J78-J80-J82 -> 14730.39 | K84: =+K75-K76-K78-K80-K82 -> 270676.8
B85: רווחיות תרומה ישירה | C85: =+C84/C75 -> 1 | D85: =+D84/D75 -> 0.52792241 | E85: =+E84/E75 -> 0.59115782 | F85: =+F84/F75 -> 0.56979942 | G85: =+G84/G75 -> 0.6000279 | H85: =+H84/H75 -> 0.59955758 | I85: =+I84/I75 -> 0.63161517 | J85: =+J84/J75 -> 0.024042127 | K85: =+K84/K75 -> 0.47907398
B88: קרדיולוגיה | C88: 8.25 | D88: 9.25 | E88: 10.25 | F88: 11.25 | G88: 12.25 | H88: 1.26 | I88: 2.26 | J88: 3.26 | K88: 4.26
B89: הכנסות | C89: =+'הכנסות - מרכז'!I83 -> 167715.25 | D89: =+'הכנסות - מרכז'!J83 -> 93927.966 | E89: =+'הכנסות - מרכז'!K83 -> 111235.59 | F89: =+'הכנסות - מרכז'!L83 -> 164369.49 | G89: =+'הכנסות - מרכז'!M83 -> 177805.93 | H89: =+'הכנסות - מרכז'!N83 -> 183636.44 | I89: =+'הכנסות - מרכז'!O83 -> 164691.97 | J89: =+'הכנסות - מרכז'!P83 -> 133941.22 | K89: =+'הכנסות - מרכז'!Q83 -> 141000
B90: שכר רופאים | D90: =+'נתוני כ"ס - קרדיולוגיה'!G8 -> 31568 | E90: =+'נתוני כ"ס - קרדיולוגיה'!H8+'רופאים בחשבונית'!U5 -> 70731.37 | F90: =+'נתוני כ"ס - קרדיולוגיה'!I8+'רופאים בחשבונית'!V5 -> 76089.1 | G90: =+'נתוני כ"ס - קרדיולוגיה'!J8+'רופאים בחשבונית'!W5 -> 106567.95 | H90: =+'נתוני כ"ס - קרדיולוגיה'!K8+'רופאים בחשבונית'!X5 -> 107385.32 | I90: =+'נתוני כ"ס - קרדיולוגיה'!L8+'רופאים בחשבונית'!Y5 -> 95710.06 | J90: =+'נתוני כ"ס - קרדיולוגיה'!M8+'רופאים בחשבונית'!Z5 -> 78217.877 | K90: =+'נתוני כ"ס - קרדיולוגיה'!N8+'רופאים בחשבונית'!AA5 -> 98729.136
B91: % | C91: =+C90/C89 -> 0 | D91: =+D90/D89 -> 0.33608734 | E91: =+E90/E89 -> 0.63586994 | F91: =+F90/F89 -> 0.46291498 | G91: =+G90/G89 -> 0.5993498 | H91: =+H90/H89 -> 0.58477131 | I91: =+I90/I89 -> 0.58114588 | J91: =+J90/J89 -> 0.58397166 | K91: =+K90/K89 -> 0.70020664
B92: שכר עובדים | D92: =+'נתוני כ"ס - קרדיולוגיה'!G7 -> 7949 | E92: =+'נתוני כ"ס - קרדיולוגיה'!H7 -> 7525 | F92: =+'נתוני כ"ס - קרדיולוגיה'!I7 -> 7927 | G92: =+'נתוני כ"ס - קרדיולוגיה'!J7 -> 8758 | H92: =+'נתוני כ"ס - קרדיולוגיה'!K7 -> 6798.69 | I92: =+'נתוני כ"ס - קרדיולוגיה'!L7 -> 5773.11 | J92: =+'נתוני כ"ס - קרדיולוגיה'!M7 -> 5130.57 | K92: =+'נתוני כ"ס - קרדיולוגיה'!N7 -> 4867.71
B93: % | C93: =+C92/C89 -> 0 | D93: =+D92/D89 -> 0.084628682 | E93: =+E92/E89 -> 0.06764921 | F93: =+F92/F89 -> 0.048226711 | G93: =+G92/G89 -> 0.049255949 | H93: =+H92/H89 -> 0.037022554 | I93: =+I92/I89 -> 0.035053986 | J93: =+J92/J89 -> 0.038304638 | K93: =+K92/K89 -> 0.034522766
B94: קבלני משנה - ספקים
B95: % | C95: =+C94/C89 -> 0 | D95: =+D94/D89 -> 0 | E95: =+E94/E89 -> 0 | F95: =+F94/F89 -> 0 | G95: =+G94/G89 -> 0 | H95: =+H94/H89 -> 0 | I95: =+I94/I89 -> 0 | J95: =+J94/J89 -> 0 | K95: =+K94/K89 -> 0
B96: וטמרקט | D96: 0 | E96: 0 | F96: 0 | G96: 0 | H96: 0 | I96: 0 | J96: 0 | K96: 0
B97: % | C97: =+C96/C89 -> 0 | D97: =+D96/D89 -> 0 | E97: =+E96/E89 -> 0 | F97: =+F96/F89 -> 0 | G97: =+G96/G89 -> 0 | H97: =+H96/H89 -> 0 | I97: =+I96/I89 -> 0 | J97: =+J96/J89 -> 0 | K97: =+K96/K89 -> 0
B98: תרומה ישירה | C98: =+C89-C90-C92-C94-C96 -> 167715.25 | D98: =+D89-D90-D92-D94-D96 -> 54410.966 | E98: =+E89-E90-E92-E94-E96 -> 32979.223 | F98: =+F89-F90-F92-F94-F96 -> 80353.392 | G98: =+G89-G90-G92-G94-G96 -> 62479.982 | H98: =+H89-H90-H92-H94-H96 -> 69452.429 | I98: =+I89-I90-I92-I94-I96 -> 63208.8 | J98: =+J89-J90-J92-J94-J96 -> 50592.773 | K98: =+K89-K90-K92-K94-K96 -> 37403.154
B99: רווחיות תרומה ישירה | C99: =+C98/C89 -> 1 | D99: =+D98/D89 -> 0.57928398 | E99: =+E98/E89 -> 0.29648085 | F99: =+F98/F89 -> 0.48885831 | G99: =+G98/G89 -> 0.35139425 | H99: =+H98/H89 -> 0.37820614 | I99: =+I98/I89 -> 0.38380014 | J99: =+J98/J89 -> 0.3777237 | K99: =+K98/K89 -> 0.2652706
B102: אונקולוגיה | C102: 8.25 | D102: 9.25 | E102: 10.25 | F102: 11.25 | G102: 12.25 | H102: 1.26 | I102: 2.26 | J102: 3.26 | K102: 4.26
B103: הכנסות | C103: =+'הכנסות - מרכז'!I84 -> 156231.36 | D103: =+'הכנסות - מרכז'!J84 -> 173355.08 | E103: =+'הכנסות - מרכז'!K84 -> 165305.93 | F103: =+'הכנסות - מרכז'!L84 -> 218676.27 | G103: =+'הכנסות - מרכז'!M84 -> 235970.34 | H103: =+'הכנסות - מרכז'!N84 -> 172527.12 | I103: =+'הכנסות - מרכז'!O84 -> 196056.2 | J103: =+'הכנסות - מרכז'!P84 -> 167499.39 | K103: =+'הכנסות - מרכז'!Q84 -> 185000
B104: שכר רופאים | D104: 0 | E104: =+'רופאים בחשבונית'!U4 -> 142355.93 | F104: =+'רופאים בחשבונית'!V4 -> 160729.66 | G104: =+'רופאים בחשבונית'!W4 -> 180990.68 | H104: =+'רופאים בחשבונית'!X4 -> 142633.9 | I104: =+'רופאים בחשבונית'!Y4 -> 156339.31 | J104: =+'רופאים בחשבונית'!Z4 -> 125261.86 | K104: =+'רופאים בחשבונית'!AA4 -> 192828.81
B105: % | C105: =+C104/C103 -> 0 | D105: =+D104/D103 -> 0 | E105: =+E104/E103 -> 0.86116649 | F105: =+F104/F103 -> 0.73501189 | G105: =+G104/G103 -> 0.76700606 | H105: =+H104/H103 -> 0.82673321 | I105: =+I104/I103 -> 0.79742087 | J105: =+J104/J103 -> 0.74783474 | K105: =+K104/K103 -> 1.0423179
B106: שכר עובדים | D106: 0 | E106: 0 | F106: 0 | G106: 0 | H106: 0 | I106: 1 | J106: 2 | K106: 3
B107: % | C107: =+C106/C103 -> 0 | D107: =+D106/D103 -> 0 | E107: =+E106/E103 -> 0 | F107: =+F106/F103 -> 0 | G107: =+G106/G103 -> 0 | H107: =+H106/H103 -> 0 | I107: =+I106/I103 -> 5.1005783e-06 | J107: =+J106/J103 -> 1.1940342e-05 | K107: =+K106/K103 -> 1.6216216e-05
B108: קבלני משנה - ספקים
B109: % | C109: =+C108/C103 -> 0 | D109: =+D108/D103 -> 0 | E109: =+E108/E103 -> 0 | F109: =+F108/F103 -> 0 | G109: =+G108/G103 -> 0 | H109: =+H108/H103 -> 0 | I109: =+I108/I103 -> 0 | J109: =+J108/J103 -> 0 | K109: =+K108/K103 -> 0
B110: וטמרקט | D110: 0 | E110: 0 | F110: 0 | G110: 0 | H110: 0 | I110: 0 | J110: 0 | K110: 0
B111: % | C111: =+C110/C103 -> 0 | D111: =+D110/D103 -> 0 | E111: =+E110/E103 -> 0 | F111: =+F110/F103 -> 0 | G111: =+G110/G103 -> 0 | H111: =+H110/H103 -> 0 | I111: =+I110/I103 -> 0 | J111: =+J110/J103 -> 0 | K111: =+K110/K103 -> 0
B112: תרומה ישירה | C112: =+C103-C104-C106-C108-C110 -> 156231.36 | D112: =+D103-D104-D106-D108-D110 -> 173355.08 | E112: =+E103-E104-E106-E108-E110 -> 22950.002 | F112: =+F103-F104-F106-F108-F110 -> 57946.611 | G112: =+G103-G104-G106-G108-G110 -> 54979.659 | H112: =+H103-H104-H106-H108-H110 -> 29893.22 | I112: =+I103-I104-I106-I108-I110 -> 39715.895 | J112: =+J103-J104-J106-J108-J110 -> 42235.527 | K112: =+K103-K104-K106-K108-K110 -> -7831.8136
B113: רווחיות תרומה ישירה | C113: =+C112/C103 -> 1 | D113: =+D112/D103 -> 1 | E113: =+E112/E103 -> 0.13883351 | F113: =+F112/F103 -> 0.26498811 | G113: =+G112/G103 -> 0.23299394 | H113: =+H112/H103 -> 0.17326679 | I113: =+I112/I103 -> 0.20257403 | J113: =+J112/J103 -> 0.25215332 | K113: =+K112/K103 -> -0.042334127
B116: הרדמה | C116: 8.25 | D116: 9.25 | E116: 10.25 | F116: 11.25 | G116: 12.25 | H116: 1.26 | I116: 2.26 | J116: 3.26 | K116: 4.26
B117: הכנסות | C117: =+'הכנסות - מרכז'!I85 -> 64957.627 | D117: =+'הכנסות - מרכז'!J85 -> 46516.949 | E117: =+'הכנסות - מרכז'!K85 -> 103983.05 | F117: =+'הכנסות - מרכז'!L85 -> 133347.46 | G117: =+'הכנסות - מרכז'!M85 -> 136186.44 | H117: =+'הכנסות - מרכז'!N85 -> 125381.36 | I117: =+'הכנסות - מרכז'!O85 -> 127245 | J117: =+'הכנסות - מרכז'!P85 -> 117228.27 | K117: =+'הכנסות - מרכז'!Q85 -> 125000
B118: שכר רופאים | D118: =+'נתוני כ"ס - הרדמה'!G10 -> 35048 | E118: =+'נתוני כ"ס - הרדמה'!H10 -> 51466 | F118: =+'נתוני כ"ס - הרדמה'!I10 -> 59215 | G118: =+'נתוני כ"ס - הרדמה'!J10 -> 54094 | H118: =+'נתוני כ"ס - הרדמה'!K10 -> 51741.72 | I118: =+'נתוני כ"ס - הרדמה'!L10 -> 56467.87 | J118: =+'נתוני כ"ס - הרדמה'!M10 -> 34799.14 | K118: =+'נתוני כ"ס - הרדמה'!N10 -> 56396.56
...

Sheet הכנסות - מרכז
A1: Reporting dimension 1 | B1: January 2025 | C1: February 2025 | D1: March 2025 | E1: April 2025 | F1: May 2025 | G1: June 2025 | H1: July 2025 | I1: August 2025 | J1: September 2025 | K1: October 2025 | L1: November 2025 | M1: December 2025 | N1: January 2026
A2: Neurology | B2: 569301 | C2: 580164 | D2: 548784 | E2: 454387 | F2: 620222 | G2: 488256 | H2: 714094 | I2: 582825 | J2: 513067 | K2: 561378 | L2: 611153 | M2: 649318 | N2: 570847
A3: Surgery | B3: 693761 | C3: 647050 | D3: 717708 | E3: 680549 | F3: 663041 | G3: 503824 | H3: 748574 | I3: 662520 | J3: 523189 | K3: 659774 | L3: 754708 | M3: 731890 | N3: 773891
A4: Imaging | B4: 602179 | C4: 577282 | D4: 609174 | E4: 586706 | F4: 671100 | G4: 485303 | H4: 666377 | I4: 559190 | J4: 564709 | K4: 548550 | L4: 627537 | M4: 660803 | N4: 622191
A5: Oncology | B5: 188639 | C5: 164542 | D5: 171352 | E5: 177061 | F5: 177210 | G5: 179565 | H5: 154349 | I5: 167853 | J5: 159759 | K5: 171061 | L5: 216038 | M5: 236445 | N5: 185582
A6: Cardiology | B6: 5702 | C6: 200 | D6: -690 | E6: 0 | F6: 0 | G6: 120 | H6: 0 | I6: 0 | J6: -31 | K6: 0 | L6: 100 | M6: 39 | N6: 120
A7: Cardiology - Dan | B7: 159408 | C7: 90128 | D7: 99018 | E7: 103794 | F7: 101507 | G7: 85631 | H7: 135121 | I7: 119123 | J7: 55950 | K7: 82439 | L7: 122953 | M7: 131272 | N7: 134213
A8: Ophthalmology | B8: 21602 | C8: 10230 | D8: 9360 | E8: 10690 | F8: 20150 | G8: 10525 | H8: 14452 | I8: 7050 | J8: 14700 | K8: 15950 | L8: 15990 | M8: 16925 | N8: 5900
A9: Anesthesia | B9: 56750 | C9: 80950 | D9: 101350 | E9: 84710 | F9: 104300 | G9: 78400 | H9: 117645 | I9: 76650 | J9: 54890 | K9: 122700 | L9: 157350 | M9: 160700 | N9: 147950
A10: Management | B10: 0 | C10: 0 | D10: 1600 | E10: 1600 | F10: 0 | G10: 0 | H10: 0 | I10: -32 | J10: 0 | K10: 1600 | L10: 0 | M10: 0 | N10: 0
A11: Internal medicine | B11: 2732 | C11: 2281 | D11: 2172 | E11: 1890 | F11: 3494 | G11: 2834 | H11: 2135 | I11: 4660 | J11: 1215 | K11: 2437 | L11: -146 | M11: 1133 | N11: 4337
A12: Motzkin | B12: 0 | C12: 0 | D12: 0 | E12: 0 | F12: 0 | G12: 0 | H12: 0 | I12: 58892 | J12: 111210 | K12: 128234 | L12: 153399 | M12: 100325 | N12: 150690
B13: 0 | C13: 0 | D13: 170 | E13: 69523 | F13: 0 | G13: 0 | H13: 0 | I13: 370 | J13: 44 | K13: 0 | L13: 0 | M13: 0 | N13: 175
A14: Emergency | B14: 1625076 | C14: 1405897 | D14: 1666255 | E14: 1716943 | F14: 1846048 | G14: 1526353 | H14: 1815506 | I14: 1796376 | J14: 1717665 | K14: 1884350 | L14: 1823407 | M14: 1685095 | N14: 1845907
A15: Veterinary Center Holdings, LTD | B15: 2760 | C15: 2210 | D15: 4590 | E15: 2236 | F15: 3385 | G15: 17979 | H15: 42560 | I15: 42070 | J15: 37500 | K15: 52801 | L15: 37766 | M15: 40825 | N15: 37479
A16: Dermatology | B16: 15700 | C16: 15950 | D16: 9665 | E16: 17178 | F16: 18580 | G16: 20830 | H16: 30080 | I16: 13210 | J16: 22680 | K16: 20456 | L16: 20070 | M16: 21700 | N16: 18247
A17: Physiotherapy | B17: 0 | C17: 0 | D17: 0 | E17: 0 | F17: 0 | G17: 0 | H17: 0 | I17: 0 | J17: 0 | K17: 0 | L17: 0 | M17: 0 | N17: 0
A18: Theriogenology | B18: 2750 | C18: 1080 | D18: 1740 | E18: 3650 | F18: 0 | G18: -170 | H18: 0 | I18: 0 | J18: 0 | K18: 0 | L18: 0 | M18: 0 | N18: 0
A19: Epilepsy | B19: 0 | C19: 0 | D19: 0 | E19: 0 | F19: 250 | G19: 0 | H19: 0 | I19: 0 | J19: 0 | K19: 0 | L19: 0 | M19: 0 | N19: 0
A20: Radiotherapy | B20: 81480 | C20: 9000 | D20: 9000 | E20: 9000 | F20: 4400 | G20: 24000 | H20: 6000 | I20: 16500 | J20: 44800 | K20: 24000 | L20: 42000 | M20: 42000 | N20: 18000
A21: Cardiology - Dan 2 | B21: 23620 | C21: 53860 | D21: 77302 | E21: 64288 | F21: 78397 | G21: 37490 | H21: 77185 | I21: 78781 | J21: 54916 | K21: 48819 | L21: 70903 | M21: 78500 | N21: 82358
A22: Beer Sheva | B22: 0 | C22: 0 | D22: 0 | E22: 174921 | F22: 458319 | G22: 477634 | H22: 568629 | I22: 499759 | J22: 463592 | K22: 442972 | L22: 497645 | M22: 554152 | N22: 518222
A23: Haifa | B23: 0 | C23: 0 | D23: 0 | E23: 0 | F23: 0 | G23: 0 | H23: 0 | I23: 509799 | J23: 1025906 | K23: 1046461 | L23: 1030019 | M23: 1038804 | N23: 1188645
A24: Rehovot | B24: 0 | C24: 0 | D24: 0 | E24: 0 | F24: 0 | G24: 0 | H24: 0 | I24: 0 | J24: 691927 | K24: 1026860 | L24: 1003499 | M24: 968632 | N24: 912352
A25: Total | B25: =SUM(B2:B24) -> 4051460 | C25: =SUM(C2:C24) -> 3640824 | D25: =SUM(D2:D24) -> 4028550 | E25: =SUM(E2:E24) -> 4159126 | F25: =SUM(F2:F24) -> 4770403 | G25: =SUM(G2:G24) -> 3938574 | H25: =SUM(H2:H24) -> 5092707 | I25: =SUM(I2:I24) -> 5195596 | ... N25: =SUM(N2:N24) -> 7217106
A27: Kefar Saba | B27: =B25-SUM(B22:B24,B12) -> 4051460 | C27: =C25-SUM(C22:C24,C12) -> 3640824 | D27: =D25-SUM(D22:D24,D12) -> 4028550 | E27: =E25-SUM(E22:E24,E12) -> 3984205 | F27: =F25-SUM(F22:F24,F12) -> 4312084 | G27: =G25-SUM(G22:G24,G12) -> 3460940 | H27: =H25-SUM(H22:H24,H12) -> 4524078 | I27: =I25-SUM(I22:I24,I12) -> 4127146 | ... N27: =N25-SUM(N22:N24,N12) -> 4447197
A30: נתוני הכנסות בחלוקה אחרת
A31: חירום | B31: =+B11+B14 -> 1627808 | C31: =+C11+C14 -> 1408178 | D31: =+D11+D14 -> 1668427 | E31: =+E11+E14 -> 1718833 | F31: =+F11+F14 -> 1849542 | G31: =+G11+G14 -> 1529187 | H31: =+H11+H14 -> 1817641 | I31: =+I11+I14 -> 1801036 | ... N31: =+N11+N14 -> 1850244
A32: נוירולוגיה | B32: =+B2+B19 -> 569301 | C32: =+C2+C19 -> 580164 | D32: =+D2+D19 -> 548784 | E32: =+E2+E19 -> 454387 | F32: =+F2+F19 -> 620472 | G32: =+G2+G19 -> 488256 | H32: =+H2+H19 -> 714094 | I32: =+I2+I19 -> 582825 | ... N32: =+N2+N19 -> 570847
A33: הדמיה | B33: =+B4 -> 602179 | C33: =+C4 -> 577282 | D33: =+D4 -> 609174 | E33: =+E4 -> 586706 | F33: =+F4 -> 671100 | G33: =+G4 -> 485303 | H33: =+H4 -> 666377 | I33: =+I4 -> 559190 | ... N33: =+N4 -> 622191
A34: כירורגיה | B34: =+B3 -> 693761 | C34: =+C3 -> 647050 | D34: =+D3 -> 717708 | E34: =+E3 -> 680549 | F34: =+F3 -> 663041 | G34: =+G3 -> 503824 | H34: =+H3 -> 748574 | I34: =+I3 -> 662520 | ... N34: =+N3 -> 773891
A35: אחר | B35: =+B18+B17+B16+B15+B10+B8+B13 -> 42812 | C35: =+C18+C17+C16+C15+C10+C8+C13 -> 29470 | D35: =+D18+D17+D16+D15+D10+D8+D13 -> 27125 | E35: =+E18+E17+E16+E15+E10+E8+E13 -> 104877 | F35: =+F18+F17+F16+F15+F10+F8+F13 -> 42115 | G35: =+G18+G17+G16+G15+G10+G8+G13 -> 49164 | H35: =+H18+H17+H16+H15+H10+H8+H13 -> 87092 | I35: =+I18+I17+I16+I15+I10+I8+I13 -> 62668 | ... N35: =+N18+N17+N16+N15+N10+N8+N13 -> 61801
A36: קרדיולוגיה | B36: =+B6+B7+B21 -> 188730 | C36: =+C6+C7+C21 -> 144188 | D36: =+D6+D7+D21 -> 175630 | E36: =+E6+E7+E21 -> 168082 | F36: =+F6+F7+F21 -> 179904 | G36: =+G6+G7+G21 -> 123241 | H36: =+H6+H7+H21 -> 212306 | I36: =+I6+I7+I21 -> 197904 | ... N36: =+N6+N7+N21 -> 216691
A37: אונקולוגיה | B37: =+B5+B20 -> 270119 | C37: =+C5+C20 -> 173542 | D37: =+D5+D20 -> 180352 | E37: =+E5+E20 -> 186061 | F37: =+F5+F20 -> 181610 | G37: =+G5+G20 -> 203565 | H37: =+H5+H20 -> 160349 | I37: =+I5+I20 -> 184353 | ... N37: =+N5+N20 -> 203582
A38: הרדמה | B38: =+B9 -> 56750 | C38: =+C9 -> 80950 | D38: =+D9 -> 101350 | E38: =+E9 -> 84710 | F38: =+F9 -> 104300 | G38: =+G9 -> 78400 | H38: =+H9 -> 117645 | I38: =+I9 -> 76650 | ... N38: =+N9 -> 147950
A39: רחובות | B39: =+B24 -> 0 | C39: =+C24 -> 0 | D39: =+D24 -> 0 | E39: =+E24 -> 0 | F39: =+F24 -> 0 | G39: =+G24 -> 0 | H39: =+H24 -> 0 | I39: =+I24 -> 0 | ... N39: =+N24 -> 912352
A40: ב"ש | B40: =+B22 -> 0 | C40: =+C22 -> 0 | D40: =+D22 -> 0 | E40: =+E22 -> 174921 | F40: =+F22 -> 458319 | G40: =+G22 -> 477634 | H40: =+H22 -> 568629 | I40: =+I22 -> 499759 | ... N40: =+N22 -> 518222
A41: חיפה | B41: =+B23 -> 0 | C41: =+C23 -> 0 | D41: =+D23 -> 0 | E41: =+E23 -> 0 | F41: =+F23 -> 0 | G41: =+G23 -> 0 | H41: =+H23 -> 0 | I41: =+I23 -> 509799 | ... N41: =+N23 -> 1188645
A42: מוצקין | B42: =+B12 -> 0 | C42: =+C12 -> 0 | D42: =+D12 -> 0 | E42: =+E12 -> 0 | F42: =+F12 -> 0 | G42: =+G12 -> 0 | H42: =+H12 -> 0 | I42: =+I12 -> 58892 | ... N42: =+N12 -> 150690
B43: =SUM(B31:B42) -> 4051460 | C43: =SUM(C31:C42) -> 3640824 | D43: =SUM(D31:D42) -> 4028550 | E43: =SUM(E31:E42) -> 4159126 | F43: =SUM(F31:F42) -> 4770403 | G43: =SUM(G31:G42) -> 3938574 | H43: =SUM(H31:H42) -> 5092707 | I43: =SUM(I31:I42) -> 5195596 | ... N43: =SUM(N31:N42) -> 7217106
A44: בדיקה | B44: =+B43-B25 -> 0 | C44: =+C43-C25 -> 0 | D44: =+D43-D25 -> 0 | E44: =+E43-E25 -> 0 | F44: =+F43-F25 -> 0 | G44: =+G43-G25 -> 0 | H44: =+H43-H25 -> 0 | I44: =+I43-I25 -> 0 | ... N44: =+N43-N25 -> 0
A47: נתוני הכנסות בחלוקה אחרת | B47: ללא מע"מ
A48: חירום | B48: =+B31/1.18 -> 1379498.3 | C48: =+C31/1.18 -> 1193371.2 | D48: =+D31/1.18 -> 1413921.2 | E48: =+E31/1.18 -> 1456638.1 | F48: =+F31/1.18 -> 1567408.5 | G48: =+G31/1.18 -> 1295921.2 | H48: =+H31/1.18 -> 1540373.7 | I48: =+I31/1.18 -> 1526301.7 | ... N48: =+N31/1.18 -> 1568003.4
A49: נוירולוגיה | B49: =+B32/1.18 -> 482458.47 | C49: =+C32/1.18 -> 491664.41 | D49: =+D32/1.18 -> 465071.19 | E49: =+E32/1.18 -> 385073.73 | F49: =+F32/1.18 -> 525823.73 | G49: =+G32/1.18 -> 413776.27 | H49: =+H32/1.18 -> 605164.41 | I49: =+I32/1.18 -> 493919.49 | ... N49: =+N32/1.18 -> 483768.64
A50: הדמיה | B50: =+B33/1.18 -> 510321.19 | C50: =+C33/1.18 -> 489222.03 | D50: =+D33/1.18 -> 516249.15 | E50: =+E33/1.18 -> 497208.47 | F50: =+F33/1.18 -> 568728.81 | G50: =+G33/1.18 -> 411273.73 | H50: =+H33/1.18 -> 564726.27 | I50: =+I33/1.18 -> 473889.83 | ... N50: =+N33/1.18 -> 527280.51
A51: כירורגיה | B51: =+B34/1.18 -> 587933.05 | C51: =+C34/1.18 -> 548347.46 | D51: =+D34/1.18 -> 608227.12 | E51: =+E34/1.18 -> 576736.44 | F51: =+F34/1.18 -> 561899.15 | G51: =+G34/1.18 -> 426969.49 | H51: =+H34/1.18 -> 634384.75 | I51: =+I34/1.18 -> 561457.63 | ... N51: =+N34/1.18 -> 655839.83
A52: אחר | B52: =+B35/1.18 -> 36281.356 | C52: =+C35/1.18 -> 24974.576 | D52: =+D35/1.18 -> 22987.288 | E52: =+E35/1.18 -> 88878.814 | F52: =+F35/1.18 -> 35690.678 | G52: =+G35/1.18 -> 41664.407 | H52: =+H35/1.18 -> 73806.78 | I52: =+I35/1.18 -> 53108.475 | ... N52: =+N35/1.18 -> 52373.729
A53: קרדיולוגיה | B53: =+B36/1.18 -> 159940.68 | C53: =+C36/1.18 -> 122193.22 | D53: =+D36/1.18 -> 148838.98 | E53: =+E36/1.18 -> 142442.37 | F53: =+F36/1.18 -> 152461.02 | G53: =+G36/1.18 -> 104441.53 | H53: =+H36/1.18 -> 179920.34 | I53: =+I36/1.18 -> 167715.25 | ... N53: =+N36/1.18 -> 183636.44
A54: אונקולוגיה | B54: =+B37/1.18 -> 228914.41 | C54: =+C37/1.18 -> 147069.49 | D54: =+D37/1.18 -> 152840.68 | E54: =+E37/1.18 -> 157678.81 | F54: =+F37/1.18 -> 153906.78 | G54: =+G37/1.18 -> 172512.71 | H54: =+H37/1.18 -> 135888.98 | I54: =+I37/1.18 -> 156231.36 | ... N54: =+N37/1.18 -> 172527.12
A55: הרדמה | B55: =+B38/1.18 -> 48093.22 | C55: =+C38/1.18 -> 68601.695 | D55: =+D38/1.18 -> 85889.831 | E55: =+E38/1.18 -> 71788.136 | F55: =+F38/1.18 -> 88389.831 | G55: =+G38/1.18 -> 66440.678 | H55: =+H38/1.18 -> 99699.153 | I55: =+I38/1.18 -> 64957.627 | ... N55: =+N38/1.18 -> 125381.36
A56: רחובות | B56: =+B39/1.18 -> 0 | C56: =+C39/1.18 -> 0 | D56: =+D39/1.18 -> 0 | E56: =+E39/1.18 -> 0 | F56: =+F39/1.18 -> 0 | G56: =+G39/1.18 -> 0 | H56: =+H39/1.18 -> 0 | I56: =+I39/1.18 -> 0 | ... N56: =+N39/1.18 -> 773179.66
A57: ב"ש | B57: =+B40/1.18 -> 0 | C57: =+C40/1.18 -> 0 | D57: =+D40/1.18 -> 0 | E57: =+E40/1.18 -> 148238.14 | F57: =+F40/1.18 -> 388405.93 | G57: =+G40/1.18 -> 404774.58 | H57: =+H40/1.18 -> 481888.98 | I57: =+I40/1.18 -> 423524.58 | ... N57: =+N40/1.18 -> 439171.19
A58: חיפה | B58: =+B41/1.18 -> 0 | C58: =+C41/1.18 -> 0 | D58: =+D41/1.18 -> 0 | E58: =+E41/1.18 -> 0 | F58: =+F41/1.18 -> 0 | G58: =+G41/1.18 -> 0 | H58: =+H41/1.18 -> 0 | I58: =+I41/1.18 -> 432033.05 | ... N58: =+N41/1.18 -> 1007326.3
A59: מוצקין | B59: =+B42/1.18 -> 0 | C59: =+C42/1.18 -> 0 | D59: =+D42/1.18 -> 0 | E59: =+E42/1.18 -> 0 | F59: =+F42/1.18 -> 0 | G59: =+G42/1.18 -> 0 | H59: =+H42/1.18 -> 0 | I59: =+I42/1.18 -> 49908.475 | ... N59: =+N42/1.18 -> 127703.39
B60: =SUM(B48:B59) -> 3433440.7 | C60: =SUM(C48:C59) -> 3085444.1 | D60: =SUM(D48:D59) -> 3414025.4 | E60: =SUM(E48:E59) -> 3524683.1 | F60: =SUM(F48:F59) -> 4042714.4 | G60: =SUM(G48:G59) -> 3337774.6 | H60: =SUM(H48:H59) -> 4315853.4 | I60: =SUM(I48:I59) -> 4403047.5 | ... N60: =SUM(N48:N59) -> 6116191.5
A61: בדיקה | B61: =+B43/1.18-B60 -> 0 | C61: =+C43/1.18-C60 -> 0 | D61: =+D43/1.18-D60 -> 0 | E61: =+E43/1.18-E60 -> 0 | F61: =+F43/1.18-F60 -> 0 | G61: =+G43/1.18-G60 -> 0 | H61: =+H43/1.18-H60 -> 0 | I61: =+I43/1.18-I60 -> 0 | ... N61: =+N43/1.18-N60 -> 0
A63: נתוני ICOUNT - ללא מע"מ
A64: חירום
A65: נוירולוגיה | D65: 151018.64 | G65: 338983.05 | I65: 270338.98 | L65: 287800
A66: הדמיה | C66: 36700.85 | E66: 3000
A67: כירורגיה | F67: 12800 | K67: 33800
A68: אחר | C68: 59228.81 | I68: 3507
A69: קרדיולוגיה
A70: אונקולוגיה
A71: הרדמה
A72: סה"כ ICOUNT | B72: =SUM(B64:B71) -> 0 | C72: =SUM(C64:C71) -> 95929.66 | D72: =SUM(D64:D71) -> 151018.64 | E72: =SUM(E64:E71) -> 3000 | F72: =SUM(F64:F71) -> 12800 | G72: =SUM(G64:G71) -> 338983.05 | H72: =SUM(H64:H71) -> 0 | I72: =SUM(I64:I71) -> 273845.98 | ... N72: =SUM(N64:N71) -> 0
A76: סיכום הכנסות לפי סניפים ומחלקות - ללא מע"מ
B77: 1.25 | C77: 2.25 | D77: 3.25 | E77: 4.25 | F77: 5.25 | G77: 6.25 | H77: 7.25 | I77: 8.25 | J77: 9.25 | K77: 10.25 | L77: 11.25 | M77: 12.25 | N77: 1.26 | O77: 2.26 | P77: 3.26 | Q77: 4.26
A78: חירום | B78: =+B48+B64 -> 1379498.3 | C78: =+C48+C64 -> 1193371.2 | D78: =+D48+D64 -> 1413921.2 | E78: =+E48+E64 -> 1456638.1 | F78: =+F48+F64 -> 1567408.5 | G78: =+G48+G64 -> 1295921.2 | H78: =+H48+H64 -> 1540373.7 | I78: =+I48+I64 -> 1526301.7 | ... N78: =+N48+N64 -> 1568003.4 | O78: 1465456.4 | P78: 1360763.7 | Q78: 1495000
A79: נוירולוגיה | B79: =+B49+B65 -> 482458.47 | C79: =+C49+C65 -> 491664.41 | D79: =+D49+D65 -> 616089.83 | E79: =+E49+E65 -> 385073.73 | F79: =+F49+F65 -> 525823.73 | G79: =+G49+G65 -> 752759.32 | H79: =+H49+H65 -> 605164.41 | I79: =+I49+I65 -> 764258.47 | ... N79: =+N49+N65 -> 483768.64 | O79: =454606.2632-42415 -> 412191.26 | P79: 488269.97 | Q79: 518000
A80: הדמיה | B80: =+B50+B66 -> 510321.19 | C80: =+C50+C66 -> 525922.88 | D80: =+D50+D66 -> 516249.15 | E80: =+E50+E66 -> 500208.47 | F80: =+F50+F66 -> 568728.81 | G80: =+G50+G66 -> 411273.73 | H80: =+H50+H66 -> 564726.27 | I80: =+I50+I66 -> 473889.83 | ... N80: =+N50+N66 -> 527280.51 | O80: =609319.6302-42415 -> 566904.63 | P80: 434486.95 | Q80: 573000
A81: כירורגיה | B81: =+B51+B67 -> 587933.05 | C81: =+C51+C67 -> 548347.46 | D81: =+D51+D67 -> 608227.12 | E81: =+E51+E67 -> 576736.44 | F81: =+F51+F67 -> 574699.15 | G81: =+G51+G67 -> 426969.49 | H81: =+H51+H67 -> 634384.75 | I81: =+I51+I67 -> 561457.63 | ... N81: =+N51+N67 -> 655839.83 | O81: =645109.771-42415 -> 602694.77 | P81: 612690.8 | Q81: 565000
A82: אחר | B82: =+B52+B68 -> 36281.356 | C82: =+C52+C68 -> 84203.386 | D82: =+D52+D68 -> 22987.288 | E82: =+E52+E68 -> 88878.814 | F82: =+F52+F68 -> 35690.678 | G82: =+G52+G68 -> 41664.407 | H82: =+H52+H68 -> 73806.78 | I82: =+I52+I68 -> 56615.475 | ... N82: =+N52+N68 -> 52373.729 | O82: 29542 | P82: =+P90+P91+P92 -> 40885.639 | Q82: =+Q98 -> 67000
A83: קרדיולוגיה | B83: =+B53+B69 -> 159940.68 | C83: =+C53+C69 -> 122193.22 | D83: =+D53+D69 -> 148838.98 | E83: =+E53+E69 -> 142442.37 | F83: =+F53+F69 -> 152461.02 | G83: =+G53+G69 -> 104441.53 | H83: =+H53+H69 -> 179920.34 | I83: =+I53+I69 -> 167715.25 | ... N83: =+N53+N69 -> 183636.44 | O83: 164691.97 | P83: 133941.22 | Q83: 141000
A84: אונקולוגיה | B84: =+B54+B70 -> 228914.41 | C84: =+C54+C70 -> 147069.49 | D84: =+D54+D70 -> 152840.68 | E84: =+E54+E70 -> 157678.81 | F84: =+F54+F70 -> 153906.78 | G84: =+G54+G70 -> 172512.71 | H84: =+H54+H70 -> 135888.98 | I84: =+I54+I70 -> 156231.36 | ... N84: =+N54+N70 -> 172527.12 | O84: 196056.2 | P84: 167499.39 | Q84: 185000
A85: הרדמה | B85: =+B55+B71 -> 48093.22 | C85: =+C55+C71 -> 68601.695 | D85: =+D55+D71 -> 85889.831 | E85: =+E55+E71 -> 71788.136 | F85: =+F55+F71 -> 88389.831 | G85: =+G55+G71 -> 66440.678 | H85: =+H55+H71 -> 99699.153 | I85: =+I55+I71 -> 64957.627 | ... N85: =+N55+N71 -> 125381.36 | O85: 127245 | P85: 117228.27 | Q85: 125000
A86: רחובות | B86: =+B56 -> 0 | C86: =+C56 -> 0 | D86: =+D56 -> 0 | E86: =+E56 -> 0 | F86: =+F56 -> 0 | G86: =+G56 -> 0 | H86: =+H56 -> 0 | I86: =+I56 -> 0 | ... N86: =+N56 -> 773179.66 | O86: 776809 | P86: 778910 | Q86: 966035.59
A87: ב"ש | B87: =+B57 -> 0 | C87: =+C57 -> 0 | D87: =+D57 -> 0 | E87: =+E57 -> 148238.14 | F87: =+F57 -> 388405.93 | G87: =+G57 -> 404774.58 | H87: =+H57 -> 481888.98 | I87: =+I57 -> 423524.58 | ... N87: =+N57 -> 439171.19 | O87: 432954 | P87: 321474 | Q87: 390323.73
A88: חיפה | B88: =+B58 -> 0 | C88: =+C58 -> 0 | D88: =+D58 -> 0 | E88: =+E58 -> 0 | F88: =+F58 -> 0 | G88: =+G58 -> 0 | H88: =+H58 -> 0 | I88: =+I58 -> 432033.05 | ... N88: =+N58 -> 1007326.3 | O88: 880429 | P88: 908246 | Q88: 1075829
A89: מוצקין | B89: =+B59 -> 0 | C89: =+C59 -> 0 | D89: =+D59 -> 0 | E89: =+E59 -> 0 | F89: =+F59 -> 0 | G89: =+G59 -> 0 | H89: =+H59 -> 0 | I89: =+I59 -> 49908.475 | ... N89: =+N59 -> 127703.39 | O89: 134377 | P89: 97514 | Q89: 108245
A90: אופטלמולוגיה | P90: 14529.69
A91: דרמטולוגיה | P91: 18728.83
A92: הקרנות | P92: 7627.1186 | Q92: 2000
B94: =SUM(B78:B93) -> 3433440.7 | C94: =SUM(C78:C93) -> 3181373.7 | D94: =SUM(D78:D93) -> 3565044.1 | E94: =SUM(E78:E93) -> 3527683.1 | F94: =SUM(F78:F93) -> 4055514.4 | G94: =SUM(G78:G93) -> 3676757.6 | H94: =SUM(H78:H93) -> 4315853.4 | I94: =SUM(I78:I93) -> 4676893.4 | ... O94: =SUM(O78:O93) -> 5789351.3 | P94: =SUM(P78:P89) -> 5461910 | Q94: =SUM(Q78:Q89) -> 6209433.3
Q97: 3669000
Q98: =+Q97-Q78-Q79-Q80-Q81-Q83-Q84-Q85 -> 67000
S99: מרכז וטרינרי החזקות בע"מ | T99: 3668116.9
S100: מרכז וטרינרי ברנע בע"מ | T100: 390323.73
S101: בית חולים הוטרינרי רחובות בע"מ
S102: מי ווט בע"מ | T102: 940703.33
S103: ווט מוצקין בע"מ | T103: 81596.667

Sheet סעיפי הכנסות
A1: חשבון | B1: תיאור חשבון | C1: יתרה מוגשת
F2: ספרים | H2: פרו-וט ללא מע"מ
C3: 2024 | F3: 1-12.2025 | H3: 1-12.2025 | J3: הפרש | K3: ICOUNT | M3: הפרש בנטרול ICOUNT
A5: 8001 | B5: הכנסות - זברה | C5: -14288950 | F5: -18130415 | H5: =-SUM('הכנסות - מרכז'!B48:M48) -> -17403227 | J5: =+F5-H5 -> -727187.47 | K5: 0 | M5: =+J5-K5 -> -727187.47
A6: 8002 | B6: הכנסות - כירורגיה | C6: -6936475.5 | F6: -7447978.2 | H6: =-SUM('הכנסות - מרכז'!B51:M51) -> -6768294.9 | J6: =+F6-H6 -> -679683.33 | K6: =-SUM('הכנסות - מרכז'!B67:M67) -> -46600 | M6: =+J6-K6 -> -633083.33
A7: 8003 | B7: הכנסות - וטנוירו | C7: -6452402.4 | F7: -7587444.5 | H7: =-SUM('הכנסות - מרכז'!B49:M49) -> -5841694.1 | J7: =+F7-H7 -> -1745750.4 | K7: =-SUM('הכנסות - מרכז'!B65:M65) -> -1048140.7 | M7: =+J7-K7 -> -697609.72
A8: 8004 | B8: הכנסות - הדמיה | C8: -6170793.4 | F8: -6793605 | H8: =-SUM('הכנסות - מרכז'!B50:M50) -> -6066872.9 | J8: =+F8-H8 -> -726732.15 | K8: =-SUM('הכנסות - מרכז'!B66:M66) -> -39700.85 | M8: =+J8-K8 -> -687031.3
A9: 8005 | B9: הכנסות - מרכז | C9: -1297903.1 | F9: -45468.64 | M9: =+J9-K9 -> 0
A10: 8006 | B10: הכנסות קרדיולוגיה יעל גולני | C10: -94384.61 | F10: -4703.39 | H10: =-SUM('הכנסות - מרכז'!B53:M53) -> -1725292.4 | J10: =+F10+F11-H10 -> -68831.367 | M10: =+J10-K10 -> -68831.367
A11: 8007 | B11: הכנסות קרדיולוגיה דני אוהד | C11: -637640.18 | F11: -1789420.4
A12: 8008 | B12: הכנסות אונקולוגיה | C12: -861125.64 | F12: -2181507.6 | H12: =-SUM('הכנסות - מרכז'!B54:M54) -> -2098350.8 | J12: =+F12-H12 -> -83156.783 | M12: =+J12-K12 -> -83156.783
A13: 8009 | B13: הכנסות דרמטולוגיה | C13: -74303.43 | F13: -198557.62 | H13: =-SUM('הכנסות - מרכז'!B52:M52,'הכנסות - מרכז'!B55:M55) -> -1661631.4 | J13: =+F13+F9+F14+F15+F16-H13 -> 1259618.7 | K13: =-SUM('הכנסות - מרכז'!B68:M68) -> -62735.81 | M13: =+J13-K13 -> 1322354.5
A14: 8010 | B14: הכנסות אופטמולוגיה | C14: -40596.58 | F14: -149706.78
A15: 8011 | B15: הכנסות סמדר טל | C15: -11033.33 | F15: -6923.73
A16: 8012 | B16: הכנסות אפילפסיה | C16: -2820.52 | F16: -1355.93
A17: 8000 | B17: הכנסות - רשת | C17: -113470.08 | F17: 0
C19: =SUM(C5:C18) -> -36981899 | F19: =SUM(F5:F18) -> -44337086 | H19: =SUM(H5:H17) -> -41565364 | J19: =SUM(J5:J16) -> -2771722.8 | K19: =SUM(K5:K16) -> -1197177.3 | M19: =SUM(M5:M16) -> -1574545.5 | N19: יתרת הפרש - קיימת הכנסה בספרים ולא בפרווט
H20: =SUM('הכנסות - מרכז'!B48:M55)+H19 -> 0

Sheet וטרמקט ואלסמד
B1: הדמיה | C1: נוירולוגיה | D1: כירורגיה | E1: חירום | F1: חירום מעבדה חיצוני | I1: כפר סבא | J1: 45931 | K1: 45962 | L1: 45992 | M1: 46023 | N1: 46054 | O1: סה"כ
A2: 45931 | B2: 5609 | C2: 25750 | D2: 5432 | E2: 229004 | F2: 3251 | I2: הדמיה | J2: 5609 | K2: 5777 | L2: 3228 | M2: 7894 | N2: =+'וטמרקט ואלסמד 2-4.26'!C11 -> 19785.593 | O2: 22580
A3: 45962 | B3: 5777 | C3: 15569 | D3: 35296 | E3: 296981 | F3: 5681 | I3: נוירולוגיה | J3: 25750 | K3: 15569 | L3: 26108 | M3: 16373 | N3: =+'וטמרקט ואלסמד 2-4.26'!C9 -> 23022.034 | O3: 83800
A4: 45992 | B4: 3228 | C4: 26108 | D4: 25613 | E4: 78689 | F4: 3629 | I4: כירורגיה | J4: 5432 | K4: 35296 | L4: 25613 | M4: 62332 | N4: =+'וטמרקט ואלסמד 2-4.26'!C10 -> 21000 | O4: 128673
A5: 46023 | B5: 7894 | C5: 16373 | D5: 62332 | E5: 298309 | F5: 465 | I5: חירום | J5: 229004 | K5: 296981 | L5: 78689 | M5: 298309 | N5: =+'וטמרקט ואלסמד 2-4.26'!C8 -> 200620.34 | O5: 902983
A6: סהכ | B6: 22580 | C6: 83800 | D6: 128673 | E6: 902983 | F6: 13026 | I6: חירום מעבדה חיצוני | J6: 3251 | K6: 5681 | L6: 3629 | M6: 465 | N6: 0 | O6: 13026
I12: באר שבע
K13: 45930 | L13: 45961 | M13: 45991 | N13: 46022 | O13: 46053 | P13: 46081
J14: כולל מע"מ | K14: 59150 | L14: 100783 | M14: 72106 | N14: 98946 | O14: 72106
J15: ללא מע"מ | K15: =+K14/1.18 -> 50127.119 | L15: =+L14/1.18 -> 85409.322 | M15: =+M14/1.18 -> 61106.78 | N15: =+N14/1.18 -> 83852.542 | O15: =+O14/1.18 -> 61106.78 | P15: =+'וטמרקט ואלסמד 2-4.26'!C14 -> 77523.729
I19: מוצקין
K41: 45930 | L41: 45961 | M41: 45991 | N41: 46022 | O41: 46053 | P41: 46081
J42: כולל מע"מ | K42: 10634 | L42: 11429 | M42: 14076 | N42: 17675 | O42: 11429
J43: ללא מע"מ | K43: =+K42/1.18 -> 9011.8644 | L43: =+L42/1.18 -> 9685.5932 | M43: =+M42/1.18 -> 11928.814 | N43: =+N42/1.18 -> 14978.814 | O43: =+O42/1.18 -> 9685.5932 | P43: =+'וטמרקט ואלסמד 2-4.26'!C13 -> 18967.797
I49: יש לי את התשלומים שבוצעו בינוא, בהנחה שהבנקים מותאמים בכלל החברות:
I50: מספר חברה | J50: שם חברה | K50: מספר חשבון | L50: שם חשבון | M50: יתרה | O50: מטבע | P50: שנה
I51: 1 | J51: מרכז וטרינרי החזקות בע"מ | K51: 50032 | L51: וטמרקט בע"מ | M51: 267256.82 | O51: NIS | P51: 2026 | Q51: =+M51/1.18 -> 226488.83
I52: 2 | J52: מי ווט בע"מ | K52: 50032 | L52: וטמרקט בע"מ | M52: 133382 | O52: NIS | P52: 2026 | Q52: =+M52/1.18 -> 113035.59
I53: 3 | J53: ווט מוצקין בע"מ | K53: 50032 | L53: וטמרקט בע"מ | M53: 11429 | O53: NIS | P53: 2026 | Q53: =+M53/1.18 -> 9685.5932
I54: 4 | J54: מרכז וטרינרי ברנע בע"מ | K54: 50032 | L54: וטמרקט בע"מ | M54: 72106 | O54: NIS | P54: 2026 | Q54: =+M54/1.18 -> 61106.78
I55: 5 | J55: מרכז וטרינרי רחובות בע"מ | K55: 50032 | L55: וטמרקט בע"מ | M55: 102087 | O55: NIS | P55: 2026 | Q55: =+M55/1.18 -> 86514.407
I60: חיפה
L61: 45930 | M61: 45961 | N61: 45991 | O61: 46022 | P61: 46053 | Q61: 46081
K62: כולל מע"מ | L62: 143412 | M62: 133382 | N62: =154448+3422 -> 157870 | O62: 135835 | P62: 133382
K63: ללא מע"מ | L63: =+L62/1.18 -> 121535.59 | M63: =+M62/1.18 -> 113035.59 | N63: =+N62/1.18 -> 133788.14 | O63: =+O62/1.18 -> 115114.41 | P63: =+P62/1.18 -> 113035.59 | Q63: =+'וטמרקט ואלסמד 2-4.26'!C12 -> 123813.56
I80: רחובות
P82: הערכה
K83: 45869 | L83: 45900 | M83: 45930 | N83: 45961 | O83: 45991 | P83: 46022 | Q83: 46053 | R83: 46081
J84: כולל מע"מ | K84: 102254 | L84: 90889 | M84: 114261 | N84: 100741 | O84: 102087 | P84: =AVERAGE(K84:O84) -> 102046.4 | Q84: 102087
J85: ללא מע"מ | K85: =+K84/1.18 -> 86655.932 | L85: =+L84/1.18 -> 77024.576 | M85: =+M84/1.18 -> 96831.356 | N85: =+N84/1.18 -> 85373.729 | O85: =+O84/1.18 -> 86514.407 | P85: =+P84/1.18 -> 86480 | Q85: =+Q84/1.18 -> 86514.407 | R85: =+'וטמרקט ואלסמד 2-4.26'!C15 -> 88555.085
B115: אלסמד
A120: 4010 | B120: 400
B121: יתרת פתיחה | Q121: 80244.95
C122: 13119 | D122: 22841 | E122: 9997 | G122: 2001 | H122: 45664 | I122: 45664 | J122: 31622 | L122: אלסמד בעמ | O122: 46899.95 | Q122: 33345
C123: 15978 | D123: 28296 | E123: 158 | F123: 18 | G123: 8331 | H123: 45708 | I123: 45708 | J123: 0 | K123: 32 | L123: אלסמד בע"מ | P123: 50399.97 | Q123: 83744.97 | R123: =+P123/1.18 -> 42711.839
C124: 15991 | D124: 28332 | E124: 158 | F124: 18 | G124: 8431 | H124: 45708 | I124: 45708 | J124: 0 | K124: 31 | L124: אלסמד בע"מ | P124: 16815 | Q124: 100559.97 | R124: =+P124/1.18 -> 14250
C125: 15893 | D125: 28128 | E125: 9997 | G125: 2001 | H125: 45718 | I125: 45718 | J125: 95298 | L125: אלסמד בעמ | O125: 50399.97 | Q125: 50160 | R125: =+P125/1.18 -> 0
C126: 15894 | D126: 28129 | E126: 9997 | G126: 2001 | H126: 45718 | I126: 45718 | J126: 95299 | L126: אלסמד בעמ | O126: 16815 | Q126: 33345 | R126: =+P126/1.18 -> 0
C127: 17148 | D127: 30170 | E127: 167 | F127: 18 | G127: 8431 | H127: 45735 | I127: 45735 | J127: 0 | K127: 55 | L127: אלסמד בע"מ | P127: 16697 | Q127: 50042 | R127: =+P127/1.18 -> 14150
C128: 17181 | D128: 30255 | E128: 167 | F128: 18 | G128: 8331 | H128: 45735 | I128: 45735 | J128: 0 | K128: 56 | L128: אלסמד בע"מ | P128: 52359.96 | Q128: 102401.96 | R128: =+P128/1.18 -> 44372.847
C129: 17527 | D129: 31040 | E129: 9997 | G129: 2001 | H129: 45735 | I129: 45735 | J129: 90223 | L129: אלסמד בעמ | O129: 16263 | Q129: 86138.96 | R129: =+P129/1.18 -> 0
C130: 17524 | D130: 31033 | E130: 9997 | G130: 2001 | H130: 45746 | I130: 45746 | J130: 19053 | L130: אלסמד בעמ | O130: 52359.96 | Q130: 33779 | R130: =+P130/1.18 -> 0
C131: 17528 | D131: 31041 | E131: 9997 | G131: 2001 | H131: 45746 | I131: 45746 | J131: 19052 | L131: אלסמד בעמ | O131: 16697 | Q131: 17082 | R131: =+P131/1.18 -> 0
C132: 18796 | D132: 33272 | E132: 180 | F132: 18 | G132: 8331 | H132: 45761 | I132: 45761 | J132: 0 | K132: 77 | L132: אלסמד בע"מ | P132: 63699.94 | Q132: 80781.94 | R132: =+P132/1.18 -> 53983
C133: 18825 | D133: 33357 | E133: 180 | F133: 18 | G133: 8431 | H133: 45761 | I133: 45761 | J133: 0 | K133: 78 | L133: אלסמד בע"מ | P133: 15635 | Q133: 96416.94 | R133: =+P133/1.18 -> 13250
C134: 19994 | D134: 35559 | E134: 9997 | G134: 2001 | H134: 45779 | I134: 45779 | J134: 53098 | L134: אלסמד בעמ | O134: 15635 | Q134: 80781.94 | R134: =+P134/1.18 -> 0
C135: 19351 | D135: 34464 | E135: 9997 | G135: 2001 | H135: 45786 | I135: 45786 | J135: 15510 | L135: אלסמד בעמ | O135: 63699.94 | Q135: 17082 | R135: =+P135/1.18 -> 0 | T135: 45930 | U135: 45961 | V135: 45991 | W135: 46022 | X135: 46053 | Y135: 46081
C136: 19248 | D136: 34159 | E136: 186 | F136: 18 | G136: 8431 | H136: 45791 | I136: 45791 | J136: 0 | K136: 98 | L136: אלסמד בע"מ | P136: 15340 | Q136: 32422 | R136: =+P136/1.18 -> 13000 | T136: =+R152 -> 44491 | U136: =+R156 -> 40339 | V136: =+R161 -> 39746 | W136: =+R165 -> 43838.881 | X136: 50423 | Z136: נוירו
C137: 19230 | D137: 34106 | E137: 186 | F137: 18 | G137: 8331 | H137: 45795 | I137: 45795 | J137: 0 | K137: 103 | L137: אלסמד בע"מ | P137: 43399.98 | Q137: 75821.98 | R137: =+P137/1.18 -> 36779.644 | T137: =+R153 -> 12450 | U137: =+R157 -> 13500 | V137: =+R160 -> 10500 | W137: =+R166 -> 12750 | X137: 13750 | Y137: =+'וטמרקט ואלסמד 2-4.26'!B11 -> 10500 | Z137: הדמיה
C138: 19935 | D138: 35442 | E138: 9997 | G138: 2001 | H138: 45807 | I138: 45807 | J138: 19147 | L138: אלסמד בעמ | O138: 43399.98 | Q138: 32422 | R138: =+P138/1.18 -> 0
C139: 19936 | D139: 35443 | E139: 9997 | G139: 2001 | H139: 45807 | I139: 45807 | J139: 19148 | L139: אלסמד בעמ | O139: 15340 | Q139: 17082 | R139: =+P139/1.18 -> 0
C140: 20961 | D140: 37245 | E140: 196 | F140: 18 | G140: 8331 | H140: 45819 | I140: 45819 | J140: 0 | K140: 119 | L140: אלסמד בע"מ | P140: 53199.97 | Q140: 70281.97 | R140: =+P140/1.18 -> 45084.72
C141: 20975 | D141: 37285 | E141: 196 | F141: 18 | G141: 8431 | H141: 45820 | I141: 45820 | J141: 0 | K141: 135 | L141: אלסמד בע"מ | P141: 18408 | Q141: 88689.97 | R141: =+P141/1.18 -> 15600
C142: 20973 | D142: 37279 | E142: 196 | F142: 18 | G142: 8431 | H142: 45824 | I142: 45824 | K142: 139 | L142: אלסמד בע"מ | P142: 20650 | Q142: 109339.97 | R142: =+P142/1.18 -> 17500
C143: 20814 | D143: 36943 | E143: 9997 | G143: 2001 | H143: 45838 | I143: 45838 | J143: 12273 | L143: אלסמד בעמ | O143: 20650 | Q143: 88689.97 | R143: =+P143/1.18 -> 0
C144: 20816 | D144: 36947 | E144: 9997 | G144: 2001 | H144: 45845 | I144: 45845 | J144: 49875 | L144: אלסמד בעמ | O144: 53199.97 | Q144: 35490 | R144: =+P144/1.18 -> 0
C145: 22436 | D145: 39693 | E145: 224 | F145: 18 | G145: 8331 | H145: 45852 | I145: 45852 | J145: 0 | K145: 178 | L145: אלסמד בע"מ | P145: 39899.98 | Q145: 75389.98 | R145: =+P145/1.18 -> 33813.542
C146: 22453 | D146: 39743 | E146: 224 | F146: 18 | G146: 8431 | H146: 45852 | I146: 45852 | J146: 0 | K146: 177 | L146: אלסמד בע"מ | P146: 14750 | Q146: 90139.98 | R146: =+P146/1.18 -> 12500
C147: 22214 | D147: 39124 | E147: 9997 | G147: 2001 | H147: 45873 | I147: 45873 | J147: 31552 | L147: אלסמד בעמ | O147: 54649.98 | Q147: 35490 | R147: =+P147/1.18 -> 0
C148: 23964 | D148: 42508 | E148: 236 | F148: 18 | G148: 8431 | H148: 45890 | I148: 45890 | J148: 0 | K148: 191 | L148: אלסמד בע"מ | P148: 16815 | Q148: 52305 | R148: =+P148/1.18 -> 14250
C149: 24024 | D149: 42678 | E149: 236 | F149: 18 | G149: 8331 | H149: 45890 | I149: 45890 | J149: 0 | K149: 192 | L149: אלסמד בע"מ | P149: 58099.97 | Q149: 110404.97 | R149: =+P149/1.18 -> 49237.263
C150: 24410 | D150: 43277 | E150: 9997 | G150: 2001 | H150: 45904 | I150: 45904 | J150: 45868 | L150: אלסמד בעמ | O150: 58099.97 | Q150: 52305 | R150: =+P150/1.18 -> 0
C151: 24411 | D151: 43278 | E151: 9997 | G151: 2001 | H151: 45904 | I151: 45904 | J151: 45845 | L151: אלסמד בעמ | O151: 16815 | Q151: 35490 | R151: =+P151/1.18 -> 0
C152: 27754 | D152: 47729 | E152: 288 | F152: 18 | G152: 8331 | H152: 45921 | I152: 45921 | J152: 0 | K152: 214 | L152: אלסמד בע"מ | P152: 52499.38 | Q152: 87989.38 | R152: =+P152/1.18 -> 44491
C153: 27802 | D153: 47869 | E153: 288 | F153: 18 | G153: 8431 | H153: 45921 | I153: 45921 | J153: 0 | K153: 213 | L153: אלסמד בע"מ | P153: 14691 | Q153: 102680.38 | R153: =+P153/1.18 -> 12450
C154: 27166 | D154: 46945 | E154: 9997 | G154: 2001 | H154: 45938 | I154: 45938 | J154: 44471 | L154: אלסמד בעמ | O154: 14691 | Q154: 87989.38 | R154: =+P154/1.18 -> 0
C155: 27202 | D155: 47017 | E155: 9997 | G155: 2001 | H155: 45938 | I155: 45938 | J155: 44474 | L155: אלסמד בעמ | O155: 52499.38 | Q155: 35490 | R155: =+P155/1.18 -> 0
C156: 29148 | D156: 50287 | E156: 302 | F156: 18 | G156: 8331 | H156: 45953 | I156: 45953 | J156: 0 | K156: 234 | L156: אלסמד בע"מ | P156: 47600.02 | Q156: 83090.02 | R156: =+P156/1.18 -> 40339
C157: 29170 | D157: 50352 | E157: 302 | F157: 18 | G157: 8431 | H157: 45953 | I157: 45953 | J157: 0 | K157: 235 | L157: אלסמד בע"מ | P157: 15930 | Q157: 99020.02 | R157: =+P157/1.18 -> 13500
C158: 28621 | D158: 49555 | E158: 9997 | G158: 2001 | H158: 45967 | I158: 45967 | J158: 43152 | L158: אלסמד בעמ | O158: 47600.02 | Q158: 51420 | R158: =+P158/1.18 -> 0
C159: 28627 | D159: 49567 | E159: 9997 | G159: 2001 | H159: 45967 | I159: 45967 | J159: 43172 | L159: אלסמד בעמ | O159: 15930 | Q159: 35490 | R159: =+P159/1.18 -> 0
C160: 29991 | D160: 51920 | E160: 311 | F160: 18 | G160: 8431 | H160: 45972 | I160: 45972 | J160: 0 | K160: 264 | L160: אלסמד בע"מ | P160: 12390 | Q160: 47880 | R160: =+P160/1.18 -> 10500
C161: 30234 | D161: 52207 | E161: 311 | F161: 18 | G161: 8331 | H161: 45974 | I161: 45974 | J161: 0 | K161: 270 | L161: אלסמד בע"מ | P161: 46900.28 | Q161: 94780.28 | R161: =+P161/1.18 -> 39746
C162: 29677 | D162: 51456 | E162: 9997 | G162: 2001 | H162: 45992 | I162: 45992 | J162: 85799 | L162: אלסמד בעמ | O162: 46900.28 | Q162: 47880 | R162: =+P162/1.18 -> 0
C163: 29686 | D163: 51474 | E163: 9997 | G163: 2001 | H163: 45992 | I163: 45992 | J163: 85792 | L163: אלסמד בעמ | O163: 12390 | Q163: 35490 | R163: =+P163/1.18 -> 0
C164: 29685 | D164: 51473 | E164: 9997 | G164: 2001 | H164: 45998 | I164: 45998 | J164: 6001 | L164: אלסמד בעמ | O164: 18408 | Q164: 17082 | R164: =+P164/1.18 -> 0
C165: 30862 | D165: 53587 | E165: 322 | F165: 18 | G165: 8331 | H165: 46007 | I165: 46007 | J165: 0 | K165: 293 | L165: אלסמד בע"מ | P165: 51729.88 | Q165: 68811.88 | R165: =+P165/1.18 -> 43838.881
C166: 30890 | D166: 53664 | E166: 322 | F166: 18 | G166: 8431 | H166: 46007 | I166: 46007 | J166: 0 | K166: 294 | L166: אלסמד בע"מ | P166: 15045 | Q166: 83856.88 | R166: =+P166/1.18 -> 12750
A167: 4010 | B167: אלסמד בע"מ | P167: 749,343.40 חובה

Sheet וטמרקט ואלסמד 2-4.26
C4: 2.2026 | J4: 3.2026 | O4: 4.2026
B6: ללא מע"מ | C6: ללא מע"מ | D6: כולל מע"מ | E6: כולל מע"מ | I6: כולל מע"מ | J6: כולל מע"מ | K6: ללא מעמ | L6: ללא מעמ
B7: אלסמד | C7: וטמרקט | D7: אלסמד | E7: וטמרקט | I7: אלסמד | J7: וטמרקט | K7: אלסמד | L7: וטמרקט | P7: כולל מע"מ | R7: ללא מעמ | S7: ללא מעמ
C8: =+E8/1.18 -> 200620.34 | E8: 236732 | F8: כ"ס- חירום | H8: כ"ס- חירום | J8: 329545 | K8: =+I8/1.18 -> 0 | L8: =+J8/1.18 -> 279275.42 | P8: אלסמד | Q8: וטמרקט | R8: אלסמד | S8: וטמרקט
A9: הערכה כי טרם התקבל נתון | B9: 43000 | C9: =+E9/1.18 -> 23022.034 | E9: 27166 | F9: כ"ס- נוירולוגיה | H9: כ"ס- נוירולוגיה | I9: 44870 | J9: 10955 | K9: =+I9/1.18 -> 38025.424 | L9: =+J9/1.18 -> 9283.8983 | O9: כ"ס- חירום | Q9: 149694 | R9: =+P9/1.18 -> 0 | S9: =+Q9/1.18 -> 126859.32
C10: =+E10/1.18 -> 21000 | E10: 24780 | F10: כ"ס- כירורגיה | H10: כ"ס- כירורגיה | J10: 47454 | K10: =+I10/1.18 -> 0 | L10: =+J10/1.18 -> 40215.254 | O10: כ"ס- נוירולוגיה | P10: 40599.98 | Q10: 20162 | R10: =+P10/1.18 -> 34406.763 | S10: =+Q10/1.18 -> 17086.441
B11: =+D11/1.18 -> 10500 | C11: =+E11/1.18 -> 19785.593 | D11: 12390 | E11: 23347 | F11: כ"ס- הדמיה | H11: כ"ס- הדמיה | I11: 14927 | J11: 2064 | K11: =+I11/1.18 -> 12650 | L11: =+J11/1.18 -> 1749.1525 | O11: כ"ס- כירורגיה | Q11: 38809 | R11: =+P11/1.18 -> 0 | S11: =+Q11/1.18 -> 32888.983
C12: =+E12/1.18 -> 123813.56 | E12: 146100 | F12: חיפה | H12: חיפה | J12: 169061 | K12: =+I12/1.18 -> 0 | L12: =+J12/1.18 -> 143272.03 | O12: כ"ס- הדמיה | P12: 10915 | Q12: 7075 | R12: =+P12/1.18 -> 9250 | S12: =+Q12/1.18 -> 5995.7627
C13: =+E13/1.18 -> 18967.797 | E13: 22382 | F13: מוצקין | H13: מוצקין | J13: 15685 | K13: =+I13/1.18 -> 0 | L13: =+J13/1.18 -> 13292.373 | O13: חיפה | Q13: 113859 | R13: =+P13/1.18 -> 0 | S13: =+Q13/1.18 -> 96490.678
C14: =+E14/1.18 -> 77523.729 | E14: 91478 | F14: ב"ש | H14: ב"ש | J14: 69283 | K14: =+I14/1.18 -> 0 | L14: =+J14/1.18 -> 58714.407 | O14: מוצקין | Q14: 7290 | R14: =+P14/1.18 -> 0 | S14: =+Q14/1.18 -> 6177.9661
C15: =+E15/1.18 -> 88555.085 | E15: 104495 | F15: רחובות | H15: רחובות | J15: 86642 | K15: =+I15/1.18 -> 0 | L15: =+J15/1.18 -> 73425.424 | O15: ב"ש | Q15: 126920 | R15: =+P15/1.18 -> 0 | S15: =+Q15/1.18 -> 107559.32
B16: =SUM(B8:B15) -> 53500 | C16: =SUM(C8:C15) -> 573288.14 | D16: =SUM(D8:D15) -> 12390 | E16: =SUM(E8:E15) -> 676480 | I16: =SUM(I8:I15) -> 59797 | J16: =SUM(J8:J15) -> 730689 | K16: =SUM(K8:K15) -> 50675.424 | L16: =SUM(L8:L15) -> 619227.97 | O16: רחובות | Q16: 86642 | R16: =+P16/1.18 -> 0 | S16: =+Q16/1.18 -> 73425.424
P17: 51514.98 | Q17: 550451 | R17: =SUM(R9:R16) -> 43656.763 | S17: =SUM(S9:S16) -> 466483.9

Sheet רופאים בחשבונית
A1: קבלני משנה
T3: 45930 | U3: 45961 | V3: 45991 | W3: 46022 | X3: 46053 | Y3: 46081 | Z3: 46112 | AA3: 46142
S4: אונקולוגיה - אונקופט | T4: =+T83 -> 152855.93 | U4: =+U83 -> 142355.93 | V4: =+V83 -> 160729.66 | W4: =+W83 -> 180990.68 | X4: =+AF16 -> 142633.9 | Y4: =+AF36 -> 156339.31 | Z4: =+AE61 -> 125261.86 | AA4: =+AE80 -> 192828.81
S5: קרדיולוגיה - תשומת לב | T5: =+T84 -> 76381.83 | U5: =+U84 -> 39178.37 | V5: =+V84 -> 44536.1 | W5: =+W84 -> 75014.95 | X5: =+AF17 -> 75466.102 | Y5: =+AF37 -> 64162.28 | Z5: =+AE62 -> 46646.127 | AA5: =+AE81 -> 67181.356
S6: אחר - אלעד פרי | T6: =+T85 -> 8093.22 | U6: =+U85 -> 15843.22 | V6: =+V85 -> 13389.83 | W6: =+W85 -> 12838.98 | X6: =+AF18 -> 13008.475 | Y6: =+AF38 -> 12923.729 | Z6: =+AE63 -> 12161.017 | AA6: =+AE82 -> 14699.153
A7: באר שבע | S7: אחר - אורן פאר | T7: =+T86 -> 5720.34 | U7: =+U86 -> 10389.83 | V7: =+V86 -> 12203.39 | W7: =+W86 -> 11661.02 | X7: =+AF19 -> 4067.7966 | Y7: =+AF39 -> 13152.542 | Z7: =+AE64 -> 11216.949 | AA7: =+AE83 -> 13203.39
S8: כירורגיה - רותם יוסף | T8: =+T87 -> 0 | U8: =+U87 -> 0 | V8: =+V87 -> 0 | W8: 0 | X8: =+AF20 -> 7953.3898 | Y8: =+AF40 -> 11512.712 | Z8: 0 | AA8: 0
S9: נוירו - סרוגו איתי - בחשבונית | T9: 27000 | U9: 27000 | V9: 27000 | W9: 27000 | X9: 27000 | Y9: 27000 | Z9: 27000 | AA9: 27000
A10: וטרינרים חיצוניים | B10: 85109 | C10: 840 | S10: רחובות | T10: =+S127 -> 47838.983 | U10: =+T127 -> 38148.305 | V10: =+U127 -> 40618.644 | W10: =+V127 -> 43029.661 | X10: =+AF28 -> 43902.542 | Y10: =+AF46 -> 40843.22 | Z10: =+AE71 -> 41860.169 | AA10: =+AA90 -> 47957.627
C11: יתרת פתיחה | Q11: 0 | S11: חיפה | T11: =+S232 -> 102499.15 | U11: =+T232 -> 92387.28 | V11: =+U232 -> 68870.34 | W11: =+V232 -> 97279.66 | X11: =+AF21+AF22+AF23+AF24+AF25+AF26+AF27 -> 25762.712 | Y11: =+AF41+AF42+AF43+AF44+AF45 -> 50449.153 | Z11: =+AE65+AE66+AE67+AE68+AE69+AE70 -> 58826.271 | AA11: =+AA84 -> 46014.407
D12: 239930 | E12: 573404 | F12: 679 | G12: הוצ | H12: 520103 | I12: 45663 | J12: 45663 | K12: 0 | L12: 10934 | M12: שירותי וטרינריה | O12: 932.2 | Q12: -932.2 | S12: באר שבע | T12: =+O40+O41 -> 17918.58 | U12: =+O42+O43 -> 18691.53 | V12: =+O44+O45 -> 17853.82 | W12: =+O46+O47+O48 -> 25054.66 | X12: =+AF29+AF30+AF31 -> 22800 | Y12: =+AF47+AF48+AF49+AF50 -> 19447.652 | Z12: =+AE72+AE73+AE74+AE75 -> 27955.127 | AA12: =+AA92 -> 18249.153
D13: 239903 | E13: 573310 | F13: 679 | G13: הוצ | H13: 52119 | I13: 45666 | J13: 45666 | K13: 0 | L13: 101044 | M13: 12.24 שירותי וטרינריה | O13: 7083.9 | Q13: -8016.1 | S13: מוצקין | T13: 0 | U13: 0 | V13: 0 | W13: 0 | X13: 0 | Y13: 0 | Z13: 0 | AA13: 0
D14: 244507 | E14: 584548 | F14: 692 | G14: הוצ | H14: 52020 | I14: 45667 | J14: 45667 | K14: 0 | L14: 962 | M14: שכ"ט | O14: 10169.49 | Q14: -18185.59
D15: 244509 | E15: 584554 | F15: 692 | G15: הוצ | H15: 52020 | I15: 45667 | J15: 45667 | K15: 0 | L15: 963 | M15: שכ"ט | O15: 1818.64 | Q15: -20004.23 | AB15: אתר | AC15: רופא עצמאי | AD15: ינואר 2026 | AE15: סכום לתשלום | AF15: ללא מע"מ | AG15: סטאטוס
D16: 244506 | E16: 584545 | F16: 692 | G16: הוצ | H16: 52020 | I16: 45698 | J16: 45698 | K16: 0 | L16: 964 | M16: שכ"ט | O16: 10169.49 | Q16: -30173.72 | AB16: מרכז וטרינרי החזקות בע"מ | AC16: אונקופט | AD16: אושר ע"י כספים | AE16: 168308 | AF16: =+AE16/1.18 -> 142633.9 | AG16: נחתם בבנק | AH16: אונוקולוגיה
D17: 244508 | E17: 584551 | F17: 692 | G17: הוצ | H17: 52020 | I17: 45698 | J17: 45698 | K17: 0 | L17: 965 | M17: שכ"ט | O17: 1470.34 | Q17: -31644.06 | AC17: תשומת לב | AD17: אושר ע"י כספים | AE17: 89050 | AF17: =+AE17/1.18 -> 75466.102 | AG17: נחתם בבנק | AH17: קרדיולוגיה
D18: 244510 | E18: 584557 | F18: 692 | G18: הוצ | H18: 52020 | I18: 45698 | J18: 45698 | K18: 0 | L18: 966 | M18: שכ"ט | O18: 10169.49 | Q18: -41813.55 | AC18: אלעד פרי | AD18: אושר ע"י כספים | AE18: 15350 | AF18: =+AE18/1.18 -> 13008.475 | AH18: דרמטולוגיה - אחר
D19: 249828 | E19: 596826 | F19: 712 | G19: הוצ | H19: 52119 | I19: 45698 | J19: 45698 | K19: 0 | L19: 1107 | M19: ד"ר יובל ריטוב | O19: 6415.25 | Q19: -48228.8 | AC19: אורן פאר | AD19: אושר ע"י כספים | AE19: 4800 | AF19: =+AE19/1.18 -> 4067.7966 | AH19: עיניים - אחר
D20: 244539 | E20: 584641 | F20: 693 | G20: הוצ | H20: 52018 | I20: 45719 | J20: 45719 | K20: 0 | L20: 991 | M20: ייעוץ אורטופדי | O20: 593.22 | Q20: -48822.02 | AC20: רותם יוסף | AD20: אושר ע"י כספים | AE20: 9385 | AF20: =+AE20/1.18 -> 7953.3898 | AG20: נחתם בבנק | AH20: כירורגיה
D21: 244505 | E21: 584542 | F21: 692 | G21: הוצ | H21: 52020 | I21: 45726 | J21: 45726 | K21: 0 | L21: 971 | M21: שכ"ט | O21: 1360.17 | Q21: -50182.19 | AB21: מי ווט בע"מ | AC21: ידין ישורון | AF21: =+AE21/1.18 -> 0 | AG21: לא עבר אישור של כספים
D22: 245794 | E22: 587754 | F22: 702 | H22: 52020 | I22: 45726 | J22: 45726 | K22: 0 | L22: 972 | M22: שכ"ט | O22: 12000 | Q22: -62182.19 | AC22: שירלי פורמנסקי | AF22: =+AE22/1.18 -> 0 | AI22: הסבר לקיטון בינואר בחיפה
D23: 244540 | E23: 584644 | F23: 693 | G23: הוצ | H23: 52119 | I23: 45727 | J23: 45727 | K23: 0 | L23: 1173 | M23: 2.25 שירות וטרינרי | O23: 7410.17 | Q23: -69592.36 | AC23: חני רצקין | AE23: 13800 | AF23: =+AE23/1.18 -> 11694.915 | AI23: ידן ישורון- לא עבד בחודש ינואר, יש אולי יום אחד שעבד אך עדיין לא שלח חשבונית ולכן לא הועבר.
D24: 245785 | E24: 587726 | F24: 702 | G24: הוצ | H24: 52119 | I24: 45754 | J24: 45754 | K24: 0 | L24: 1251 | M24: 3.25 שירות | O24: 7929.66 | Q24: -77522.02 | AC24: מאור גולדמן | AE24: 7200 | AF24: =+AE24/1.18 -> 6101.6949 | AI24: שירלי פומרנסקי- גם כן עבדה ימים בודדים בינואר, שלחה אתמול פירוט אך עדיין לא הסתכלתי על מה ששלחה.
D25: 245795 | E25: 587755 | F25: 702 | H25: 52020 | I25: 45757 | J25: 45757 | K25: 0 | L25: 973 | M25: שכ"ט | O25: 2145 | Q25: -79667.02 | AC25: אורן פאר | AE25: 4850 | AF25: =+AE25/1.18 -> 4110.1695 | AI25: נטלי סבירסקי- מגיעה לעיתים רחוקות מאוד ולכן לא תיראי העברות בתדירות חודשית, רק בחודשים שתגיע אלינו.
D26: 245765 | E26: 587666 | F26: 702 | G26: הוצ | H26: 52119 | I26: 45767 | J26: 45767 | K26: 0 | L26: 1282 | M26: שי לחג | O26: 254.24 | Q26: -79921.26 | AC26: אלעד פרי | AE26: 4550 | AF26: =+AE26/1.18 -> 3855.9322
D27: 249424 | E27: 596041 | F27: 707 | G27: הוצ | H27: 52119 | I27: 45782 | J27: 45782 | K27: 0 | L27: 1320 | M27: 5.25 שירות | O27: 7077.97 | Q27: -86999.23 | AC27: נטלי סבירסקי - רופאה מרדימה | AF27: =+AE27/1.18 -> 0
D28: 249519 | E28: 596171 | F28: 707 | G28: הוצ | H28: 520103 | I28: 45783 | J28: 45783 | K28: 0 | L28: 1127 | M28: שירותי וטרינריה | O28: 897.46 | Q28: -87896.69 | AB28: מרכז וטרינרי רחובות בע"מ | AC28: נדב מרחבי | AD28: אושר ע"י כספים | AE28: 51805 | AF28: =+AE28/1.18 -> 43902.542
D29: 249820 | E29: 596793 | F29: 712 | G29: הוצ | H29: 52020 | I29: 45787 | J29: 45787 | K29: 0 | L29: 974 | M29: שכ"ט ש'ק 483 | O29: 10169.49 | Q29: -98066.18 | AB29: מרכז וטרינרי ברנע בע"מ | AC29: יובל ריטוב | AD29: אושר ע"י כספים | AE29: 7304.5 | AF29: =+AE29/1.18 -> 6190.2542 | AG29: נחתם בבנק
D30: 249821 | E30: 596796 | F30: 712 | G30: הוצ | H30: 52020 | I30: 45787 | J30: 45787 | K30: 0 | L30: 975 | M30: שכ"ט ש'ק 484 | O30: 1746.61 | Q30: -99812.79 | AC30: אייל אברם | AD30: אושר ע"י כספים | AE30: 14402 | AF30: =+AE30/1.18 -> 12205.085 | AG30: נחתם בבנק
D31: 249827 | E31: 596823 | F31: 712 | G31: הוצ | H31: 52119 | I31: 45813 | J31: 45813 | K31: 0 | L31: 1393 | M31: ד"ר יובל ריטוב | O31: 9360.17 | Q31: -109172.96 | AC31: איתן ברנע | AD31: אושר ע"י כספים | AE31: 5197.5 | AF31: =+AE31/1.18 -> 4404.661 | AG31: נחתם בבנק
D32: 249819 | E32: 596790 | F32: 712 | G32: הוצ | H32: 52020 | I32: 45823 | J32: 45823 | K32: 0 | L32: 981 | M32: שכ"ט ש'ק 386 | O32: 723.73 | Q32: -109896.69
D33: 249822 | E33: 596808 | F33: 712 | G33: הוצ | H33: 52020 | I33: 45823 | J33: 45823 | K33: 0 | L33: 976 | M33: שכ"ט ש'ק 485 | O33: 10169.49 | Q33: -120066.18
D34: 252181 | E34: 601404 | F34: 747 | G34: הוצ | H34: 52119 | I34: 45845 | J34: 45845 | K34: 0 | L34: 1501 | M34: ד"ר יובל ריטוב- וטרינר עד הבית | O34: 6105.93 | Q34: -126172.11
D35: 250117 | E35: 597259 | F35: 717 | H35: 52020 | I35: 45848 | J35: 45848 | K35: 0 | L35: 982 | M35: ד"ר אייל אברם | O35: 12000 | Q35: -138172.11 | AB35: אתר | AC35: רופא עצמאי | AD35: 46054 | AE35: סכום לתשלום | AF35: ללא מע"מ | AG35: סטאטוס
D36: 250119 | E36: 597263 | F36: 717 | H36: 52020 | I36: 45848 | J36: 45848 | K36: 0 | L36: 983 | M36: ד"ר אייל אברם | O36: 1875 | Q36: -140047.11 | AB36: מרכז וטרינרי החזקות בע"מ | AC36: אונקופט | AD36: אושר ע"י כספים | AE36: 184480.38 | AF36: =+AE36/1.18 -> 156339.31 | AG36: טרם עלה לבנק
D37: 250271 | E37: 597567 | F37: 719 | G37: הוצ | H37: 52036 | I37: 45854 | J37: 45854 | K37: 0 | L37: 866 | M37: מרפאה וטרינרית ברנע | O37: 9853.39 | Q37: -149900.5 | AC37: תשומת לב | AD37: אושר ע"י כספים | AE37: 75711.49 | AF37: =+AE37/1.18 -> 64162.28 | AG37: נחתם בבנק
D38: 250283 | E38: 597601 | F38: 719 | G38: הוצ | H38: 52020 | I38: 45876 | J38: 45876 | K38: 0 | L38: 984 | M38: ד"ר איל אברם | O38: 11700.21 | Q38: -161600.71 | AC38: אלעד פרי | AD38: אושר ע"י כספים | AE38: 15250 | AF38: =+AE38/1.18 -> 12923.729 | AG38: נחתם בבנק
D39: 250291 | E39: 597631 | F39: 719 | G39: הוצ | H39: 52119 | I39: 45877 | J39: 45877 | K39: 0 | L39: 1586 | M39: ד"ר יובל ריטוב 7.25 | O39: 6355.93 | Q39: -167956.64 | AC39: אורן פאר | AD39: אושר ע"י כספים | AE39: 15520 | AF39: =+AE39/1.18 -> 13152.542 | AG39: נחתם בבנק
D40: 250398 | E40: 597830 | F40: 725 | G40: הוצ | H40: 52020 | I40: 45907 | J40: 45907 | K40: 0 | L40: 985 | M40: ד"ר אייל אברם | O40: 11815.19 | Q40: -179771.83 | AC40: רותם יוסף | AD40: אושר ע"י כספים | AE40: 13585 | AF40: =+AE40/1.18 -> 11512.712 | AG40: נחתם בבנק
D41: 250396 | E41: 597824 | F41: 725 | G41: הוצ | H41: 52119 | I41: 45908 | J41: 45908 | K41: 0 | L41: 1660 | M41: ד"ר יובל ריטוב- | O41: 6103.39 | Q41: -185875.22 | AB41: מי ווט בע"מ | AC41: ידין ישורון | AE41: 31785 | AF41: =+AE41/1.18 -> 26936.441 | AG41: לא התקבל החודש
D42: 250959 | E42: 598744 | F42: 730 | G42: הוצ | H42: 52020 | I42: 45942 | J42: 45942 | K42: 0 | L42: 986 | M42: ד"ר אייל אברם | O42: 11650 | Q42: -197525.22 | AC42: שירלי פורמנסקי | AE42: 9310 | AF42: =+AE42/1.18 -> 7889.8305 | AG42: נחתם בבנק
D43: 250965 | E43: 598771 | F43: 730 | G43: הוצ | H43: 52119 | I43: 45943 | J43: 45943 | K43: 0 | L43: 1757 | M43: ד"ר יובל ריטוב | O43: 7041.53 | Q43: -204566.75 | AC43: חני רצקין | AE43: 9635 | AF43: =+AE43/1.18 -> 8165.2542 | AG43: נחתם בבנק
D44: 251487 | E44: 599859 | F44: 738 | G44: הוצ | H44: 52020 | I44: 45970 | J44: 45970 | K44: 0 | L44: 991 | M44: ד"ר אייל אברם | O44: 10556.36 | Q44: -215123.11 | AC44: מאור גולדמן | AE44: 8800 | AF44: =+AE44/1.18 -> 7457.6271 | AG44: נחתם בבנק
D45: 251489 | E45: 599865 | F45: 738 | G45: הוצ | H45: 52119 | I45: 45971 | J45: 45971 | K45: 0 | L45: 1846 | M45: ד"ר יובל ריטוב-10.25 | O45: 7297.46 | Q45: -222420.57 | AC45: נטלי סבירסקי - רופאה מרדימה | AF45: =+AE45/1.18 -> 0 | AG45: לא התקבל החודש
D46: 252269 | E46: 601581 | F46: 751 | G46: הוצ | H46: 52020 | I46: 46000 | J46: 46000 | K46: 0 | L46: 992 | M46: ד"ר אייל אברם | O46: 12138.98 | Q46: -234559.55 | AB46: מרכז וטרינרי רחובות בע"מ | AC46: נדב מרחבי | AE46: 48195 | AF46: =+AE46/1.18 -> 40843.22 | AG46: נחתם בבנק
D47: 252180 | E47: 601401 | F47: 747 | G47: הוצ | H47: 52119 | I47: 46001 | J47: 46001 | K47: 0 | L47: 1942 | M47: ד"ר יובל ריטוב- וטרינר עד הבית | O47: 7767.8 | Q47: -242327.35 | AB47: מרכז וטרינרי ברנע בע"מ | AC47: יובל ריטוב | AD47: אושר ע"י כספים | AE47: 7875.2492 | AF47: =+AE47/1.18 -> 6673.94 | AG47: נחתם בבנק
D48: 252018 | E48: 601004 | F48: 744 | G48: הוצ | H48: 52036 | I48: 46006 | J48: 46006 | K48: 0 | L48: 875 | M48: 11.25 משכורות | O48: 5147.88 | Q48: -247475.23 | AC48: אייל אברם | AD48: אושר ע"י כספים | AE48: 14209.98 | AF48: =+AE48/1.18 -> 12042.356 | AG48: נחתם בבנק
A49: סה"כ מפתח חשבון | B49: 85109 | C49: וטרינרים חיצוניים | O49: =SUM(O12:O48) -> 247475.23 | P49: 247,475.23 חובה | AC49: איתן ברנע | AD49: אושר ע"י כספים | AE49: 863 | AF49: =+AE49/1.18 -> 731.35593 | AG49: נחתם בבנק
P50: 0.00 זכות | Q50: -247475.23 | AC50: איילה בנגב | AE50: 0 | AF50: =+AE50/1.18 -> 0 | AG50: לא סופי
P51: -247,475.23 הפרש
AF55: =+AG55/1.18 -> 8378.3898 | AG55: 9886.5 | AI55: 1. איתן ברנע - 9886.5 ש"ח (חישוב סהכ כולל מעמ הכנסות פחות 50%)
AF56: =+AG56/1.18 -> 12181.22 | AG56: 14373.84 | AI56: 2. אייל אברם - 14373.84 ש"ח (חישוב סהכ כולל מעמ הכנסות פחות קיזוז מקדמה + 6% + קבוע 12000)
A57: כפר סבא | AF57: =+AG57/1.18 -> 3993.4969 | AG57: =4476.71/0.95 -> 4712.3263 | AI57: יובל ריטוב - 4476.71 ש"ח
D59: 27768 | E59: 47768 | F59: 288 | G59: 18 | H59: 4324 | I59: 45901 | J59: 45901 | K59: 0 | L59: 3606 | M59: דנגוט מחשבים בע"מ | O59: 63 | Q59: -4475500.1
D60: 27967 | E60: 48293 | F60: 291 | G60: 18 | H60: 4036 | I60: 45902 | J60: 45902 | K60: 0 | L60: 395 | M60: אר.אנ.אס ניר רוזנפלד | O60: 296.61 | Q60: -4475796.7 | AB60: אתר | AC60: רופא עצמאי | AD60: סכום לתשלום | AE60: סכום ללא מע"מ | AF60: סטאטוס
D61: 27769 | E61: 47771 | F61: 288 | G61: 18 | H61: 4022 | I61: 45903 | J61: 45903 | K61: 0 | L61: 4302 | M61: פיוצר מי בע"מ השקט שלך | O61: 2360 | Q61: -4478156.7 | AB61: מרכז וטרינרי החזקות בע"מ | AC61: אונקופט | AD61: 147809 | AE61: =+AD61/1.18 -> 125261.86 | AF61: אושר ע"י כספים
D62: 27775 | E62: 47788 | F62: 288 | G62: 18 | H62: 4443 | I62: 45908 | J62: 45908 | K62: 0 | L62: 23 | M62: תשומת לב המרכז הישראלי לקרדיולוגיה וטרינרית בעמ נ5 | O62: 76381.83 | Q62: -4554538.5 | AC62: תשומת לב | AD62: 55042.43 | AE62: =+AD62/1.18 -> 46646.127 | AF62: אושר ע"י כספים
D63: 27943 | E63: 48221 | F63: 291 | G63: 18 | H63: 4013 | I63: 45909 | J63: 45909 | K63: 0 | L63: 1516 | M63: אלעד פרי-שרותי דרמטולוגיה וטרינרית | O63: 7627.12 | Q63: -4562165.7 | AC63: אלעד פרי | AD63: 14350 | AE63: =+AD63/1.18 -> 12161.017 | AF63: אושר ע"י כספים (עלה לבנק ונשלח לכספים בדיעבד, בכל מקרה אושר)
D64: 27966 | E64: 48290 | F64: 291 | G64: 18 | H64: 4035 | I64: 45910 | J64: 45910 | K64: 0 | L64: 98 | M64: אונקו פט שירותים וטרינרים בע"מ | O64: 152855.93 | Q64: -4715021.6 | AC64: אורן פאר | AD64: 13236 | AE64: =+AD64/1.18 -> 11216.949 | AF64: אושר ע"י כספים
D65: 27965 | E65: 48287 | F65: 291 | G65: 18 | H65: 4020 | I65: 45913 | J65: 45913 | K65: 0 | L65: 3125 | M65: דר פאר אורן רופא עיניים ווטרינרי | O65: 5720.34 | Q65: -4720741.9 | AB65: מי ווט בע"מ | AC65: ידין ישורון | AD65: 41242 | AE65: =+AD65/1.18 -> 34950.847 | AF65: התקבל, לא אושר ע"י דיקלה
D66: 27942 | E66: 48218 | F66: 291 | G66: 18 | H66: 4013 | I66: 45916 | J66: 45916 | K66: 0 | L66: 1517 | M66: אלעד פרי-שרותי דרמטולוגיה וטרינרית | O66: 466.1 | Q66: -4721208 | AC66: שירלי פורמנסקי | AD66: 12273 | AE66: =+AD66/1.18 -> 10400.847 | AF66: התקבל, לא אושר ע"י דיקלה
D67: 27949 | E67: 48242 | F67: 291 | G67: 18 | H67: 4028 | I67: 45917 | J67: 45917 | K67: 0 | L67: 6794 | M67: דפוס יוסי דפוס אופסט דיגיטלי | O67: 289.83 | Q67: -4721497.9 | AC67: חני רצקין | AD67: 8300 | AE67: =+AD67/1.18 -> 7033.8983 | AF67: התקבל, לא אושר ע"י דיקלה
D68: 27981 | E68: 48334 | F68: 291 | G68: 18 | H68: 4488 | I68: 45925 | J68: 45925 | K68: 4407 | L68: 8910 | M68: ווצפר בע"מ | O68: 470 | Q68: -4721967.9 | AC68: מאור גולדמן | AD68: 4800 | AE68: =+AD68/1.18 -> 4067.7966 | AF68: התקבל, לא אושר ע"י דיקלה
D69: 29308 | E69: 50668 | F69: 303 | G69: 18 | H69: 4324 | I69: 45932 | J69: 45932 | K69: 0 | L69: 7701 | M69: דנגוט מחשבים בע"מ | O69: 63 | Q69: -4722030.9 | AC69: אלעד פרי | AD69: 2800 | AE69: =+AD69/1.18 -> 2372.8814 | AF69: התקבל, לא אושר ע"י דיקלה
D70: 29302 | E70: 50650 | F70: 303 | G70: 18 | H70: 4022 | I70: 45935 | J70: 45935 | K70: 0 | L70: 5886 | M70: פיוצר מי בע"מ השקט שלך | O70: 2500 | Q70: -4724530.9 | AC70: נטלי סבירסקי - רופאה מרדימה | AE70: =+AD70/1.18 -> 0 | AF70: אין החודש
D71: 29312 | E71: 50680 | F71: 303 | G71: 18 | H71: 4470 | I71: 45935 | J71: 45935 | K71: 0 | L71: 3184 | M71: מדיטק מערכות צנרת בע"מ | O71: 3750 | Q71: -4728280.9 | AB71: מרכז וטרינרי רחובות בע"מ | AC71: נדב מרחבי | AD71: 49395 | AE71: =+AD71/1.18 -> 41860.169 | AF71: אושר ע"י כספים
D72: 28753 | E72: 49828 | F72: 300 | H72: 4443 | I72: 45939 | J72: 45939 | K72: 0 | L72: 2 | M72: תשומת לב המרכז הישראלי לקרדיולוגיה וטרינרית בעמ נ5 זיכוי לחן 15 | O72: -45982 | Q72: -4682298.9 | AB72: מרכז וטרינרי ברנע בע"מ | AC72: יובל ריטוב | AD72: 4476.71 | AE72: =+AD72/1.18 -> 3793.822 | AF72: אושר ע"י כספים
D73: 28754 | E73: 49830 | F73: 300 | H73: 4443 | I73: 45939 | J73: 45939 | K73: 0 | L73: 15 | M73: תשומת לב המרכז הישראלי לקרדיולוגיה וטרינרית בעמ נ5 | O73: 45982 | Q73: -4728280.9 | AC73: אייל אברם | AD73: 14373.84 | AE73: =+AD73/1.18 -> 12181.22 | AF73: אושר ע"י כספים
D74: 28755 | E74: 49832 | F74: 300 | G74: 18 | H74: 4443 | I74: 45942 | J74: 45942 | K74: 0 | L74: 26 | M74: תשומת לב המרכז הישראלי לקרדיולוגיה וטרינרית בעמ נ5 | O74: 39178.37 | Q74: -4767459.2 | AC74: איתן ברנע | AD74: 9886.5 | AE74: =+AD74/1.18 -> 8378.3898 | AF74: אושר ע"י כספים
D75: 29277 | E75: 50594 | F75: 303 | G75: 18 | H75: 4013 | I75: 45942 | J75: 45942 | K75: 0 | L75: 1524 | M75: אלעד פרי-שרותי דרמטולוגיה וטרינרית | O75: 15843.22 | Q75: -4783302.5 | AC75: איילה בנגב | AD75: 4250 | AE75: =+AD75/1.18 -> 3601.6949 | AF75: התקבל, ממתינה לפירוט הבדיקות
D76: 29285 | E76: 50618 | F76: 303 | G76: 18 | H76: 4020 | I76: 45942 | J76: 45942 | K76: 0 | L76: 3130 | M76: דר פאר אורן רופא עיניים ווטרינרי | O76: 10389.83 | Q76: -4793692.3
D77: 29303 | E77: 50653 | F77: 303 | G77: 18 | H77: 4035 | I77: 45942 | J77: 45942 | K77: 0 | L77: 99 | M77: אונקו פט שירותים וטרינרים בע"מ | O77: 142355.93 | Q77: -4936048.2
D78: 29276 | E78: 50591 | F78: 303 | G78: 18 | H78: 4036 | I78: 45945 | J78: 45945 | K78: 0 | L78: 408 | M78: אר.אנ.אס ניר רוזנפלד | O78: 600 | Q78: -4936648.2
D79: 29293 | E79: 50642 | F79: 303 | G79: 18 | H79: 4488 | I79: 45956 | J79: 45956 | K79: 4407 | L79: 9125 | M79: ווצפר בע"מ | O79: 470 | Q79: -4937118.2 | AB79: אתר | AC79: רופא עצמאי | AD79: סכום לתשלום | AE79: ללא מע"מ | AF79: סטאטוס
D80: 30350 | E80: 52532 | F80: 315 | G80: 18 | H80: 4123 | I80: 45964 | J80: 45964 | K80: 0 | L80: 62 | M80: אספירקום מערכות בע"מ | O80: 228.81 | Q80: -4937347 | AB80: מרכז וטרינרי החזקות בע"מ | AC80: אונקופט | AD80: 227538 | AE80: =227538/1.18 -> 192828.81 | AF80: אושר ע"י כספים
D81: 30285 | E81: 52355 | F81: 313 | G81: 18 | H81: 4022 | I81: 45966 | J81: 45966 | K81: 0 | L81: 7493 | M81: פיוצר מי בע"מ השקט שלך | O81: 2220 | Q81: -4939567 | AC81: תשומת לב | AD81: 79274 | AE81: =79274/1.18 -> 67181.356 | AF81: אושר ע"י כספים
D82: 30344 | E82: 52514 | F82: 315 | G82: 18 | H82: 4028 | I82: 45967 | J82: 45967 | K82: 0 | L82: 6862 | M82: דפוס יוסי דפוס אופסט דיגיטלי | O82: 389.83 | Q82: -4939956.9 | T82: 45930 | U82: 45961 | V82: 45991 | W82: 46022 | AC82: אלעד פרי | AD82: 17345.00 | AE82: =17345/1.18 -> 14699.153 | AF82: אושר ע"י כספים
D83: 30307 | E83: 52416 | F83: 313 | G83: 18 | H83: 4020 | I83: 45973 | J83: 45973 | K83: 0 | L83: 3135 | M83: דר פאר אורן רופא עיניים ווטרינרי | O83: 12203.39 | Q83: -4952160.2 | S83: אונקולוגיה - אונקופט | T83: =+O64 -> 152855.93 | U83: =+O77 -> 142355.93 | V83: =+O85 -> 160729.66 | W83: =+O92 -> 180990.68 | AC83: אורן פאר | AD83: 15580.00 | AE83: =15580/1.18 -> 13203.39 | AF83: אושר ע"י כספים
D84: 30345 | E84: 52517 | F84: 315 | G84: 18 | H84: 4013 | I84: 45973 | J84: 45973 | K84: 0 | L84: 1538 | M84: אלעד פרי-שרותי דרמטולוגיה וטרינרית | O84: 13389.83 | Q84: -4965550.1 | S84: קרדיולוגיה - תשומת לב | T84: =+O62 -> 76381.83 | U84: =+O74+O73+O72 -> 39178.37 | V84: =+O86 -> 44536.1 | W84: =+O97 -> 75014.95 | AA84: =SUM(AE84:AE89) -> 46014.407 | AB84: מי ווט בע"מ | AC84: ידין ישורון | AD84: 45398.00 | AE84: =45398/1.18 -> 38472.881 | AF84: אושר ע"י דנה נמני
D85: 30308 | E85: 52419 | F85: 313 | G85: 18 | H85: 4035 | I85: 45975 | J85: 45975 | K85: 0 | L85: 100 | M85: אונקו פט שירותים וטרינרים בע"מ | O85: 160729.66 | Q85: -5126279.7 | S85: אחר - אלעד פרי | T85: =+O66+O63 -> 8093.22 | U85: =+O75 -> 15843.22 | V85: =+O84 -> 13389.83 | W85: =+O93 -> 12838.98 | AC85: שירלי פורמנסקי | AD85: 2699.00 | AE85: =2699/1.18 -> 2287.2881
D86: 30256 | E86: 52272 | F86: 313 | G86: 18 | H86: 4443 | I86: 45981 | J86: 45981 | K86: 0 | L86: 29 | M86: תשומת לב המרכז הישראלי לקרדיולוגיה וטרינרית בעמ נ5 | O86: 44536.1 | Q86: -5170815.8 | S86: אחר - אורן פאר | T86: =+O65 -> 5720.34 | U86: =+O76 -> 10389.83 | V86: =+O83 -> 12203.39 | W86: =+O94 -> 11661.02 | AC86: חני רצקין | AD86: 3800.00 | AE86: =3800/1.18 -> 3220.339
D87: 30929 | E87: 53781 | F87: 322 | G87: 18 | H87: 4123 | I87: 45984 | J87: 45984 | K87: 0 | L87: 840 | M87: אספירקום מערכות בע"מ | O87: 3754.24 | Q87: -5174570.1 | S87: כירורגיה - רותם יוסף | AC87: מאור גולדמן | AD87: 2400.00 | AE87: =2400/1.18 -> 2033.8983
D88: 30305 | E88: 52410 | F88: 313 | G88: 18 | H88: 4324 | I88: 45991 | J88: 45991 | K88: 0 | L88: 1296 | M88: דנגוט מחשבים בע"מ | O88: 63 | Q88: -5174633.1 | AC88: אלעד פרי | AD88: אין חיוב החודש
D89: 30971 | E89: 53888 | F89: 323 | G89: 18 | H89: 4324 | I89: 45993 | J89: 45993 | K89: 0 | L89: 6303 | M89: דנגוט מחשבים בע"מ | O89: 63 | Q89: -5174696.1 | AC89: נטלי סבירסקי - רופאה מרדימה | AD89: אין חיוב החודש
D90: 30973 | E90: 53894 | F90: 323 | G90: 18 | H90: 4022 | I90: 45994 | J90: 45994 | K90: 0 | L90: 9130 | M90: פיוצר מי בע"מ השקט שלך | O90: 2420 | Q90: -5177116.1 | AA90: =+AE90 -> 47957.627 | AB90: מרכז וטרינרי רחובות בע"מ | AC90: נדב מרחבי | AD90: 56590.00 | AE90: =56590/1.18 -> 47957.627
D91: 30943 | E91: 53815 | F91: 323 | G91: 18 | H91: 4028 | I91: 46001 | J91: 46001 | K91: 0 | L91: 6901 | M91: דפוס יוסי דפוס אופסט דיגיטלי | O91: 950 | Q91: -5178066.1 | AB91: מרכז וטרינרי ברנע בע"מ | AC91: יובל ריטוב | AD91: - | AF91: סיים העסקה ב-03/26, אין חיובים עתידיים
D92: 30945 | E92: 53821 | F92: 323 | G92: 18 | H92: 4035 | I92: 46002 | J92: 46002 | K92: 0 | L92: 101 | M92: אונקו פט שירותים וטרינרים בע"מ | O92: 180990.68 | Q92: -5359056.8 | AA92: =SUM(AE91:AE94) -> 18249.153 | AC92: אייל אברם | AD92: 13958.64 | AE92: =13958/1.18 -> 11828.814 | AF92: אושר ע"י כספים
D93: 30928 | E93: 53778 | F93: 322 | G93: 18 | H93: 4013 | I93: 46003 | J93: 46003 | K93: 0 | L93: 1564 | M93: אלעד פרי-שרותי דרמטולוגיה וטרינרית | O93: 12838.98 | Q93: -5371895.7 | AC93: איתן ברנע | AD93: 4176.00 | AE93: =4176/1.18 -> 3538.9831 | AF93: אושר ע"י כספים
D94: 30930 | E94: 53784 | F94: 322 | G94: 18 | H94: 4020 | I94: 46006 | J94: 46006 | K94: 0 | L94: 3138 | M94: דר פאר אורן רופא עיניים ווטרינרי | O94: 11661.02 | Q94: -5383556.8 | AC94: איילה בנגב | AD94: 3400.00 | AE94: =3400/1.18 -> 2881.3559 | AF94: אושר ע"י כספים
D95: 30931 | E95: 53787 | F95: 322 | G95: 18 | H95: 4530 | I95: 46006 | J95: 46006 | K95: 0 | L95: 349 | M95: עלי שלכת בע"מ | O95: 6779.66 | Q95: -5390336.4
D96: 30932 | E96: 53790 | F96: 322 | G96: 18 | H96: 4530 | I96: 46006 | J96: 46006 | K96: 0 | L96: 350 | M96: עלי שלכת בע"מ | O96: 8474.58 | Q96: -5398811
D97: 31005 | E97: 53990 | F97: 324 | G97: 18 | H97: 4443 | I97: 46011 | J97: 46011 | K97: 0 | L97: 31 | M97: תשומת לב המרכז הישראלי לקרדיולוגיה וטרינרית בעמ נ5 | O97: 75014.95 | Q97: -5473826
D98: 30955 | E98: 53849 | F98: 323 | G98: 18 | H98: 4488 | I98: 46012 | J98: 46012 | K98: 4407 | L98: 9564 | M98: ווצפר בע"מ | O98: 570 | Q98: -5474396
D99: 31376 | E99: 54539 | F99: 329 | H99: 8431 | I99: 46022 | J99: 46022 | K99: 0 | L99: 0 | M99: עבור שימוש בחדר אולטראסאונד 12/25 | O99: 1600 | Q99: -5475996
A100: סה"כ מפתח חשבון | B100: 8531 | C100: שירותים מקצועיים | P100: 2,879,264.93 חובה
E105: רחובות
E107: דר נדב מרחבי-הדמיה וטרינרית 854"
F109: - | G109: 2025
E110: פרטים | F110: (פקודה) חודש/שנה | G110: אסמכתא 2 | H110: אסמכתא 1 | I110: תאריך ערך | J110: תאריך אסמכתא | K110: יתרה | L110: זכות | M110: חובה | N110: חשבון נגדי
E112: יתרת פתיחה | K112: -5225 | L112: 5225 | M112: 0 | Q112: =+L112/1.18 -> 4427.9661
...

Sheet נתוני רחובות
A1: מספר עובד חדש | B1: שם העובד | C1: 8.25 | D1: 9.25 | E1: 10.25 | F1: 11.25 | G1: 12.25 | H1: 1.26 | I1: 2.26 | J1: 3.26 | K1: 4.26
A2: 26 | B2: 0002 - אריאלי שרון | C2: =VLOOKUP(B2,[1]השוואה!$A$2:$G$56,2,FALSE) -> 18212.31 | D2: =VLOOKUP(B2,[1]השוואה!$A$2:$G$56,3,FALSE) -> 17869.13 | E2: =VLOOKUP(B2,[1]השוואה!$A$2:$G$56,4,FALSE) -> 17744.38 | F2: =VLOOKUP(B2,[1]השוואה!$A$2:$G$56,5,FALSE) -> 15471.92 | G2: =VLOOKUP(B2,[1]השוואה!$A$2:$G$56,6,FALSE) -> 16429.71 | H2: =VLOOKUP(B2,[1]השוואה!$A$2:$G$56,7,FALSE) -> 16425.54 | I2: =VLOOKUP(A2,[2]השוואה!$A$2:$H$56,8,FALSE) -> 17467.37 | J2: =VLOOKUP(A2,[3]השוואה!$A$2:$J$57,10,FALSE) -> 15055.62 | K2: 20357.54
A3: 42 | B3: 0004 - ארוגטי עירית | C3: =VLOOKUP(B3,[1]השוואה!$A$2:$G$56,2,FALSE) -> 23408.7 | D3: =VLOOKUP(B3,[1]השוואה!$A$2:$G$56,3,FALSE) -> 24056.11 | E3: =VLOOKUP(B3,[1]השוואה!$A$2:$G$56,4,FALSE) -> 24101.48 | F3: =VLOOKUP(B3,[1]השוואה!$A$2:$G$56,5,FALSE) -> 21703.96 | G3: =VLOOKUP(B3,[1]השוואה!$A$2:$G$56,6,FALSE) -> 21952.52 | H3: =VLOOKUP(B3,[1]השוואה!$A$2:$G$56,7,FALSE) -> 22436.2 | I3: =VLOOKUP(A3,[2]השוואה!$A$2:$H$56,8,FALSE) -> 20857.01 | J3: =VLOOKUP(A3,[3]השוואה!$A$2:$J$57,10,FALSE) -> 20913.17 | K3: 22233.92
A4: 59 | B4: 0005 - הראל מיכל | C4: =VLOOKUP(B4,[1]השוואה!$A$2:$G$56,2,FALSE) -> 23191.37 | D4: =VLOOKUP(B4,[1]השוואה!$A$2:$G$56,3,FALSE) -> 1220.52 | E4: =VLOOKUP(B4,[1]השוואה!$A$2:$G$56,4,FALSE) -> 1220.52 | F4: =VLOOKUP(B4,[1]השוואה!$A$2:$G$56,5,FALSE) -> 1220.52 | G4: =VLOOKUP(B4,[1]השוואה!$A$2:$G$56,6,FALSE) -> 29894.55 | H4: =VLOOKUP(B4,[1]השוואה!$A$2:$G$56,7,FALSE) -> 0 | I4: =VLOOKUP(A4,[2]השוואה!$A$2:$H$56,8,FALSE) -> 0 | J4: =VLOOKUP(A4,[3]השוואה!$A$2:$J$57,10,FALSE) -> 52650 | K4: 0
A5: 0 | B5: 0007 - דבורקין אן | C5: =VLOOKUP(B5,[1]השוואה!$A$2:$G$56,2,FALSE) -> 24022.37 | D5: =VLOOKUP(B5,[1]השוואה!$A$2:$G$56,3,FALSE) -> 13044.4 | E5: =VLOOKUP(B5,[1]השוואה!$A$2:$G$56,4,FALSE) -> 0 | F5: =VLOOKUP(B5,[1]השוואה!$A$2:$G$56,5,FALSE) -> 0 | G5: =VLOOKUP(B5,[1]השוואה!$A$2:$G$56,6,FALSE) -> 0 | H5: =VLOOKUP(B5,[1]השוואה!$A$2:$G$56,7,FALSE) -> 0
A6: 91 | B6: 0009 - פרידמן מיכל | C6: =VLOOKUP(B6,[1]השוואה!$A$2:$G$56,2,FALSE) -> 22333.12 | D6: =VLOOKUP(B6,[1]השוואה!$A$2:$G$56,3,FALSE) -> 23348.95 | E6: =VLOOKUP(B6,[1]השוואה!$A$2:$G$56,4,FALSE) -> 18724.41 | F6: =VLOOKUP(B6,[1]השוואה!$A$2:$G$56,5,FALSE) -> 19000.38 | G6: =VLOOKUP(B6,[1]השוואה!$A$2:$G$56,6,FALSE) -> 65410.83 | H6: =VLOOKUP(B6,[1]השוואה!$A$2:$G$56,7,FALSE) -> 0 | I6: =VLOOKUP(A6,[2]השוואה!$A$2:$H$56,8,FALSE) -> 0 | J6: =VLOOKUP(A6,[3]השוואה!$A$2:$J$57,10,FALSE) -> 0 | K6: 0
A7: 109 | B7: 0010 - קובזב מרגריטה | C7: =VLOOKUP(B7,[1]השוואה!$A$2:$G$56,2,FALSE) -> 12286.9 | D7: =VLOOKUP(B7,[1]השוואה!$A$2:$G$56,3,FALSE) -> 14610.73 | E7: =VLOOKUP(B7,[1]השוואה!$A$2:$G$56,4,FALSE) -> 11486.28 | F7: =VLOOKUP(B7,[1]השוואה!$A$2:$G$56,5,FALSE) -> 12472.96 | G7: =VLOOKUP(B7,[1]השוואה!$A$2:$G$56,6,FALSE) -> 13117.94 | H7: =VLOOKUP(B7,[1]השוואה!$A$2:$G$56,7,FALSE) -> 13195.99 | I7: =VLOOKUP(A7,[2]השוואה!$A$2:$H$56,8,FALSE) -> 10931.54 | J7: =VLOOKUP(A7,[3]השוואה!$A$2:$J$57,10,FALSE) -> 12642.23 | K7: 11725.74
A8: 117 | B8: 0011 - הראל טל | C8: =VLOOKUP(B8,[1]השוואה!$A$2:$G$56,2,FALSE) -> 18090.77 | D8: =VLOOKUP(B8,[1]השוואה!$A$2:$G$56,3,FALSE) -> 14816.17 | E8: =VLOOKUP(B8,[1]השוואה!$A$2:$G$56,4,FALSE) -> 18970.3 | F8: =VLOOKUP(B8,[1]השוואה!$A$2:$G$56,5,FALSE) -> 15295.71 | G8: =VLOOKUP(B8,[1]השוואה!$A$2:$G$56,6,FALSE) -> 14534.22 | H8: =VLOOKUP(B8,[1]השוואה!$A$2:$G$56,7,FALSE) -> 16665.64 | I8: =VLOOKUP(A8,[2]השוואה!$A$2:$H$56,8,FALSE) -> 15435.42 | J8: =VLOOKUP(A8,[3]השוואה!$A$2:$J$57,10,FALSE) -> 17723.4 | K8: 21397.59
A9: 125 | B9: 0012 - בסיוני פאוזי | C9: =VLOOKUP(B9,[1]השוואה!$A$2:$G$56,2,FALSE) -> 4859.22 | D9: =VLOOKUP(B9,[1]השוואה!$A$2:$G$56,3,FALSE) -> 11715.02 | E9: =VLOOKUP(B9,[1]השוואה!$A$2:$G$56,4,FALSE) -> 12540.03 | F9: =VLOOKUP(B9,[1]השוואה!$A$2:$G$56,5,FALSE) -> 693.88 | G9: =VLOOKUP(B9,[1]השוואה!$A$2:$G$56,6,FALSE) -> 861.95 | H9: =VLOOKUP(B9,[1]השוואה!$A$2:$G$56,7,FALSE) -> 647.38 | I9: =VLOOKUP(A9,[2]השוואה!$A$2:$H$56,8,FALSE) -> 703.64 | J9: =VLOOKUP(A9,[3]השוואה!$A$2:$J$57,10,FALSE) -> 548.04 | K9: 1193.59
A10: 133 | B10: 0013 - פאר יונית | C10: =VLOOKUP(B10,[1]השוואה!$A$2:$G$56,2,FALSE) -> 19161.32 | D10: =VLOOKUP(B10,[1]השוואה!$A$2:$G$56,3,FALSE) -> 18796.48 | E10: =VLOOKUP(B10,[1]השוואה!$A$2:$G$56,4,FALSE) -> 16975.22 | F10: =VLOOKUP(B10,[1]השוואה!$A$2:$G$56,5,FALSE) -> 15566.24 | G10: =VLOOKUP(B10,[1]השוואה!$A$2:$G$56,6,FALSE) -> 19474.45 | H10: =VLOOKUP(B10,[1]השוואה!$A$2:$G$56,7,FALSE) -> 19087.43 | I10: =VLOOKUP(A10,[2]השוואה!$A$2:$H$56,8,FALSE) -> 20493.82 | J10: =VLOOKUP(A10,[3]השוואה!$A$2:$J$57,10,FALSE) -> 19423.21 | K10: 22310.68
A11: 141 | B11: 0014 - אבידן קינג מלי | C11: =VLOOKUP(B11,[1]השוואה!$A$2:$G$56,2,FALSE) -> 20213.21 | D11: =VLOOKUP(B11,[1]השוואה!$A$2:$G$56,3,FALSE) -> 16563.08 | E11: =VLOOKUP(B11,[1]השוואה!$A$2:$G$56,4,FALSE) -> 2348.67 | F11: =VLOOKUP(B11,[1]השוואה!$A$2:$G$56,5,FALSE) -> 3017.41 | G11: =VLOOKUP(B11,[1]השוואה!$A$2:$G$56,6,FALSE) -> 3459.83 | H11: =VLOOKUP(B11,[1]השוואה!$A$2:$G$56,7,FALSE) -> 3546.64 | I11: =VLOOKUP(A11,[2]השוואה!$A$2:$H$56,8,FALSE) -> 2794.96 | J11: =VLOOKUP(A11,[3]השוואה!$A$2:$J$57,10,FALSE) -> 2879.03 | K11: 2481.65
A12: 182 | B12: 0018 - מזרחי מעיין | C12: =VLOOKUP(B12,[1]השוואה!$A$2:$G$56,2,FALSE) -> 848.83 | D12: =VLOOKUP(B12,[1]השוואה!$A$2:$G$56,3,FALSE) -> 4151.07 | E12: =VLOOKUP(B12,[1]השוואה!$A$2:$G$56,4,FALSE) -> 7608.01 | F12: =VLOOKUP(B12,[1]השוואה!$A$2:$G$56,5,FALSE) -> 10983.57 | G12: =VLOOKUP(B12,[1]השוואה!$A$2:$G$56,6,FALSE) -> 12322.78 | H12: =VLOOKUP(B12,[1]השוואה!$A$2:$G$56,7,FALSE) -> 13265.39 | I12: =VLOOKUP(A12,[2]השוואה!$A$2:$H$56,8,FALSE) -> 12212.56 | J12: =VLOOKUP(A12,[3]השוואה!$A$2:$J$57,10,FALSE) -> 13505.14 | K12: 12479.63
A13: 257 | B13: 0025 - דקל מריה | C13: =VLOOKUP(B13,[1]השוואה!$A$2:$G$56,2,FALSE) -> 18744.65 | D13: =VLOOKUP(B13,[1]השוואה!$A$2:$G$56,3,FALSE) -> 18173.51 | E13: =VLOOKUP(B13,[1]השוואה!$A$2:$G$56,4,FALSE) -> 16640.03 | F13: =VLOOKUP(B13,[1]השוואה!$A$2:$G$56,5,FALSE) -> 16785.18 | G13: =VLOOKUP(B13,[1]השוואה!$A$2:$G$56,6,FALSE) -> 16956.99 | H13: =VLOOKUP(B13,[1]השוואה!$A$2:$G$56,7,FALSE) -> 16111.68 | I13: =VLOOKUP(A13,[2]השוואה!$A$2:$H$56,8,FALSE) -> 16566.19 | J13: =VLOOKUP(A13,[3]השוואה!$A$2:$J$57,10,FALSE) -> 17543.97 | K13: 20973.04
A14: 265 | B14: 0026 - בודאי עומר | C14: =VLOOKUP(B14,[1]השוואה!$A$2:$G$56,2,FALSE) -> 10441.52 | D14: =VLOOKUP(B14,[1]השוואה!$A$2:$G$56,3,FALSE) -> 10097.25 | E14: =VLOOKUP(B14,[1]השוואה!$A$2:$G$56,4,FALSE) -> 9780.49 | F14: =VLOOKUP(B14,[1]השוואה!$A$2:$G$56,5,FALSE) -> 5896.01 | G14: =VLOOKUP(B14,[1]השוואה!$A$2:$G$56,6,FALSE) -> 4985.57 | H14: =VLOOKUP(B14,[1]השוואה!$A$2:$G$56,7,FALSE) -> 0 | I14: =VLOOKUP(A14,[2]השוואה!$A$2:$H$56,8,FALSE) -> 0 | J14: =VLOOKUP(A14,[3]השוואה!$A$2:$J$57,10,FALSE) -> 0 | K14: 0
A15: 281 | B15: 0028 - בריל שלומית | C15: =VLOOKUP(B15,[1]השוואה!$A$2:$G$56,2,FALSE) -> 16838.76 | D15: =VLOOKUP(B15,[1]השוואה!$A$2:$G$56,3,FALSE) -> 18089.62 | E15: =VLOOKUP(B15,[1]השוואה!$A$2:$G$56,4,FALSE) -> 19319.11 | F15: =VLOOKUP(B15,[1]השוואה!$A$2:$G$56,5,FALSE) -> 16238.36 | G15: =VLOOKUP(B15,[1]השוואה!$A$2:$G$56,6,FALSE) -> 29606.87 | H15: =VLOOKUP(B15,[1]השוואה!$A$2:$G$56,7,FALSE) -> 0 | I15: =VLOOKUP(A15,[2]השוואה!$A$2:$H$56,8,FALSE) -> 0 | J15: =VLOOKUP(A15,[3]השוואה!$A$2:$J$57,10,FALSE) -> 0 | K15: 0
A16: 299 | B16: 0029 - שגב נעה | C16: =VLOOKUP(B16,[1]השוואה!$A$2:$G$56,2,FALSE) -> 13072.06 | D16: =VLOOKUP(B16,[1]השוואה!$A$2:$G$56,3,FALSE) -> 7437.69 | E16: =VLOOKUP(B16,[1]השוואה!$A$2:$G$56,4,FALSE) -> 5392.75 | F16: =VLOOKUP(B16,[1]השוואה!$A$2:$G$56,5,FALSE) -> 10789.62 | G16: =VLOOKUP(B16,[1]השוואה!$A$2:$G$56,6,FALSE) -> 7717.57 | H16: =VLOOKUP(B16,[1]השוואה!$A$2:$G$56,7,FALSE) -> 9381.79 | I16: =VLOOKUP(A16,[2]השוואה!$A$2:$H$56,8,FALSE) -> 7523.1 | J16: =VLOOKUP(A16,[3]השוואה!$A$2:$J$57,10,FALSE) -> 22.98 | K16: 3042.86
A17: 349 | B17: 0034 - אור-נזרוב ילנה | C17: =VLOOKUP(B17,[1]השוואה!$A$2:$G$56,2,FALSE) -> 11108.9 | D17: =VLOOKUP(B17,[1]השוואה!$A$2:$G$56,3,FALSE) -> 9388.92 | E17: =VLOOKUP(B17,[1]השוואה!$A$2:$G$56,4,FALSE) -> 9897.84 | F17: =VLOOKUP(B17,[1]השוואה!$A$2:$G$56,5,FALSE) -> 8207.67 | G17: =VLOOKUP(B17,[1]השוואה!$A$2:$G$56,6,FALSE) -> 9223 | H17: =VLOOKUP(B17,[1]השוואה!$A$2:$G$56,7,FALSE) -> 0 | I17: =VLOOKUP(A17,[2]השוואה!$A$2:$H$56,8,FALSE) -> 0 | J17: =VLOOKUP(A17,[3]השוואה!$A$2:$J$57,10,FALSE) -> 0 | K17: 0
A18: 0 | B18: 0038 - גלעדי כליל | C18: =VLOOKUP(B18,[1]השוואה!$A$2:$G$56,2,FALSE) -> 10780.7 | D18: =VLOOKUP(B18,[1]השוואה!$A$2:$G$56,3,FALSE) -> 0 | E18: =VLOOKUP(B18,[1]השוואה!$A$2:$G$56,4,FALSE) -> 0 | F18: =VLOOKUP(B18,[1]השוואה!$A$2:$G$56,5,FALSE) -> 0 | G18: =VLOOKUP(B18,[1]השוואה!$A$2:$G$56,6,FALSE) -> 0 | H18: =VLOOKUP(B18,[1]השוואה!$A$2:$G$56,7,FALSE) -> 0
A19: 414 | B19: 0041 - כהן נאוה | C19: =VLOOKUP(B19,[1]השוואה!$A$2:$G$56,2,FALSE) -> 14153.17 | D19: =VLOOKUP(B19,[1]השוואה!$A$2:$G$56,3,FALSE) -> 12083.28 | E19: =VLOOKUP(B19,[1]השוואה!$A$2:$G$56,4,FALSE) -> 16503.76 | F19: =VLOOKUP(B19,[1]השוואה!$A$2:$G$56,5,FALSE) -> 13670.29 | G19: =VLOOKUP(B19,[1]השוואה!$A$2:$G$56,6,FALSE) -> 13048.08 | H19: =VLOOKUP(B19,[1]השוואה!$A$2:$G$56,7,FALSE) -> 13527.3 | I19: =VLOOKUP(A19,[2]השוואה!$A$2:$H$56,8,FALSE) -> 11651.53 | J19: =VLOOKUP(A19,[3]השוואה!$A$2:$J$57,10,FALSE) -> 15986.39 | K19: 15356.26
A20: 430 | B20: 0043 - שנרך שחף | C20: =VLOOKUP(B20,[1]השוואה!$A$2:$G$56,2,FALSE) -> 17430.62 | D20: =VLOOKUP(B20,[1]השוואה!$A$2:$G$56,3,FALSE) -> 15205.5 | E20: =VLOOKUP(B20,[1]השוואה!$A$2:$G$56,4,FALSE) -> 17869.78 | F20: =VLOOKUP(B20,[1]השוואה!$A$2:$G$56,5,FALSE) -> 17042.81 | G20: =VLOOKUP(B20,[1]השוואה!$A$2:$G$56,6,FALSE) -> 19373.92 | H20: =VLOOKUP(B20,[1]השוואה!$A$2:$G$56,7,FALSE) -> 16762.06 | I20: =VLOOKUP(A20,[2]השוואה!$A$2:$H$56,8,FALSE) -> 8646.49 | J20: =VLOOKUP(A20,[3]השוואה!$A$2:$J$57,10,FALSE) -> 14628.96 | K20: 13283.27
A21: 448 | B21: 0044 - אופק סיוון | C21: =VLOOKUP(B21,[1]השוואה!$A$2:$G$56,2,FALSE) -> 28083.99 | D21: =VLOOKUP(B21,[1]השוואה!$A$2:$G$56,3,FALSE) -> 28607.96 | E21: =VLOOKUP(B21,[1]השוואה!$A$2:$G$56,4,FALSE) -> 23984.6 | F21: =VLOOKUP(B21,[1]השוואה!$A$2:$G$56,5,FALSE) -> 23925.69 | G21: =VLOOKUP(B21,[1]השוואה!$A$2:$G$56,6,FALSE) -> 24367.04 | H21: =VLOOKUP(B21,[1]השוואה!$A$2:$G$56,7,FALSE) -> 32175.9 | I21: =VLOOKUP(A21,[2]השוואה!$A$2:$H$56,8,FALSE) -> 29692.47 | J21: =VLOOKUP(A21,[3]השוואה!$A$2:$J$57,10,FALSE) -> 28925.24 | K21: 28902.27
A22: 463 | B22: 0046 - שמואלוביץ מיטל | C22: =VLOOKUP(B22,[1]השוואה!$A$2:$G$56,2,FALSE) -> 10820.19 | D22: =VLOOKUP(B22,[1]השוואה!$A$2:$G$56,3,FALSE) -> 9278.97 | E22: =VLOOKUP(B22,[1]השוואה!$A$2:$G$56,4,FALSE) -> 6869.92 | F22: =VLOOKUP(B22,[1]השוואה!$A$2:$G$56,5,FALSE) -> 10709.55 | G22: =VLOOKUP(B22,[1]השוואה!$A$2:$G$56,6,FALSE) -> 18621.7 | H22: =VLOOKUP(B22,[1]השוואה!$A$2:$G$56,7,FALSE) -> 0 | I22: =VLOOKUP(A22,[2]השוואה!$A$2:$H$56,8,FALSE) -> 0 | J22: =VLOOKUP(A22,[3]השוואה!$A$2:$J$57,10,FALSE) -> 0 | K22: 0
A23: 471 | B23: 0047 - זלינגר עמית | C23: =VLOOKUP(B23,[1]השוואה!$A$2:$G$56,2,FALSE) -> 20645.98 | D23: =VLOOKUP(B23,[1]השוואה!$A$2:$G$56,3,FALSE) -> 22066.73 | E23: =VLOOKUP(B23,[1]השוואה!$A$2:$G$56,4,FALSE) -> 21593.79 | F23: =VLOOKUP(B23,[1]השוואה!$A$2:$G$56,5,FALSE) -> 26507.17 | G23: =VLOOKUP(B23,[1]השוואה!$A$2:$G$56,6,FALSE) -> 22837.82 | H23: =VLOOKUP(B23,[1]השוואה!$A$2:$G$56,7,FALSE) -> 24862.96 | I23: =VLOOKUP(A23,[2]השוואה!$A$2:$H$56,8,FALSE) -> 22606.91 | J23: =VLOOKUP(A23,[3]השוואה!$A$2:$J$57,10,FALSE) -> 16289.11 | K23: 25464.32
A24: 489 | B24: 0048 - שרוי מאי | C24: =VLOOKUP(B24,[1]השוואה!$A$2:$G$56,2,FALSE) -> 17485.24 | D24: =VLOOKUP(B24,[1]השוואה!$A$2:$G$56,3,FALSE) -> 16233.08 | E24: =VLOOKUP(B24,[1]השוואה!$A$2:$G$56,4,FALSE) -> 14117.51 | F24: =VLOOKUP(B24,[1]השוואה!$A$2:$G$56,5,FALSE) -> 16621.03 | G24: =VLOOKUP(B24,[1]השוואה!$A$2:$G$56,6,FALSE) -> 14181.44 | H24: =VLOOKUP(B24,[1]השוואה!$A$2:$G$56,7,FALSE) -> 12808.16 | I24: =VLOOKUP(A24,[2]השוואה!$A$2:$H$56,8,FALSE) -> 0 | J24: =VLOOKUP(A24,[3]השוואה!$A$2:$J$57,10,FALSE) -> 3040.76 | K24: 16472.17
A25: 513 | B25: 0051 - סלבין עדן | C25: =VLOOKUP(B25,[1]השוואה!$A$2:$G$56,2,FALSE) -> 6248.76 | D25: =VLOOKUP(B25,[1]השוואה!$A$2:$G$56,3,FALSE) -> 7741.7 | E25: =VLOOKUP(B25,[1]השוואה!$A$2:$G$56,4,FALSE) -> 6447.49 | F25: =VLOOKUP(B25,[1]השוואה!$A$2:$G$56,5,FALSE) -> 7284.5 | G25: =VLOOKUP(B25,[1]השוואה!$A$2:$G$56,6,FALSE) -> 7083.7 | H25: =VLOOKUP(B25,[1]השוואה!$A$2:$G$56,7,FALSE) -> 5505.5 | I25: =VLOOKUP(A25,[2]השוואה!$A$2:$H$56,8,FALSE) -> 3792.43 | J25: =VLOOKUP(A25,[3]השוואה!$A$2:$J$57,10,FALSE) -> 7247.5 | K25: 7403.73
A26: 0 | B26: 0057 - אביבי נופר | C26: =VLOOKUP(B26,[1]השוואה!$A$2:$G$56,2,FALSE) -> 11620.06 | D26: =VLOOKUP(B26,[1]השוואה!$A$2:$G$56,3,FALSE) -> 5962.13 | E26: =VLOOKUP(B26,[1]השוואה!$A$2:$G$56,4,FALSE) -> 12365.36 | F26: =VLOOKUP(B26,[1]השוואה!$A$2:$G$56,5,FALSE) -> 0 | G26: =VLOOKUP(B26,[1]השוואה!$A$2:$G$56,6,FALSE) -> 0 | H26: =VLOOKUP(B26,[1]השוואה!$A$2:$G$56,7,FALSE) -> 0
A27: 588 | B27: 0058 - תומפסון ג'וסלין | C27: =VLOOKUP(B27,[1]השוואה!$A$2:$G$56,2,FALSE) -> 7687.32 | D27: =VLOOKUP(B27,[1]השוואה!$A$2:$G$56,3,FALSE) -> 10614.31 | E27: =VLOOKUP(B27,[1]השוואה!$A$2:$G$56,4,FALSE) -> 7239.91 | F27: =VLOOKUP(B27,[1]השוואה!$A$2:$G$56,5,FALSE) -> 11452.79 | G27: =VLOOKUP(B27,[1]השוואה!$A$2:$G$56,6,FALSE) -> 10105.3 | H27: =VLOOKUP(B27,[1]השוואה!$A$2:$G$56,7,FALSE) -> 14049.41 | I27: =VLOOKUP(A27,[2]השוואה!$A$2:$H$56,8,FALSE) -> 9992.45 | J27: =VLOOKUP(A27,[3]השוואה!$A$2:$J$57,10,FALSE) -> 14930.99 | K27: 13224.18
A28: 604 | B28: 0060 - גלפנד אביגיל | C28: =VLOOKUP(B28,[1]השוואה!$A$2:$G$56,2,FALSE) -> 9453.49 | D28: =VLOOKUP(B28,[1]השוואה!$A$2:$G$56,3,FALSE) -> 8896.16 | E28: =VLOOKUP(B28,[1]השוואה!$A$2:$G$56,4,FALSE) -> 6643.73 | F28: =VLOOKUP(B28,[1]השוואה!$A$2:$G$56,5,FALSE) -> 7337.47 | G28: =VLOOKUP(B28,[1]השוואה!$A$2:$G$56,6,FALSE) -> 7715.44 | H28: =VLOOKUP(B28,[1]השוואה!$A$2:$G$56,7,FALSE) -> 7713.35 | I28: =VLOOKUP(A28,[2]השוואה!$A$2:$H$56,8,FALSE) -> 5904.14 | J28: =VLOOKUP(A28,[3]השוואה!$A$2:$J$57,10,FALSE) -> 3413.96 | K28: 4476
A29: 612 | B29: 0061 - שדאד ג'ורג' | C29: =VLOOKUP(B29,[1]השוואה!$A$2:$G$56,2,FALSE) -> 29825.01 | D29: =VLOOKUP(B29,[1]השוואה!$A$2:$G$56,3,FALSE) -> 0 | E29: =VLOOKUP(B29,[1]השוואה!$A$2:$G$56,4,FALSE) -> 0 | F29: =VLOOKUP(B29,[1]השוואה!$A$2:$G$56,5,FALSE) -> 0 | G29: =VLOOKUP(B29,[1]השוואה!$A$2:$G$56,6,FALSE) -> 19435.31 | H29: =VLOOKUP(B29,[1]השוואה!$A$2:$G$56,7,FALSE) -> 24949.28 | I29: =VLOOKUP(A29,[2]השוואה!$A$2:$H$56,8,FALSE) -> 24197.6 | J29: =VLOOKUP(A29,[3]השוואה!$A$2:$J$57,10,FALSE) -> 25586.51 | K29: 28048.75
A30: 0 | B30: 0063 - זיני דניאל | C30: =VLOOKUP(B30,[1]השוואה!$A$2:$G$56,2,FALSE) -> 7778.84 | D30: =VLOOKUP(B30,[1]השוואה!$A$2:$G$56,3,FALSE) -> 0 | E30: =VLOOKUP(B30,[1]השוואה!$A$2:$G$56,4,FALSE) -> 0 | F30: =VLOOKUP(B30,[1]השוואה!$A$2:$G$56,5,FALSE) -> 0 | G30: =VLOOKUP(B30,[1]השוואה!$A$2:$G$56,6,FALSE) -> 0 | H30: =VLOOKUP(B30,[1]השוואה!$A$2:$G$56,7,FALSE) -> 0
A31: 0 | B31: 0064 - מימון-לידר דפנה | C31: =VLOOKUP(B31,[1]השוואה!$A$2:$G$56,2,FALSE) -> 20078.05 | D31: =VLOOKUP(B31,[1]השוואה!$A$2:$G$56,3,FALSE) -> 19035.56 | E31: =VLOOKUP(B31,[1]השוואה!$A$2:$G$56,4,FALSE) -> 15698.24 | F31: =VLOOKUP(B31,[1]השוואה!$A$2:$G$56,5,FALSE) -> 0 | G31: =VLOOKUP(B31,[1]השוואה!$A$2:$G$56,6,FALSE) -> 0 | H31: =VLOOKUP(B31,[1]השוואה!$A$2:$G$56,7,FALSE) -> 0
A32: 653 | B32: 0065 - גובר יריב | C32: =VLOOKUP(B32,[1]השוואה!$A$2:$G$56,2,FALSE) -> 30865.91 | D32: =VLOOKUP(B32,[1]השוואה!$A$2:$G$56,3,FALSE) -> 29671.47 | E32: =VLOOKUP(B32,[1]השוואה!$A$2:$G$56,4,FALSE) -> 30745.06 | F32: =VLOOKUP(B32,[1]השוואה!$A$2:$G$56,5,FALSE) -> 28784.92 | G32: =VLOOKUP(B32,[1]השוואה!$A$2:$G$56,6,FALSE) -> 26978.56 | H32: =VLOOKUP(B32,[1]השוואה!$A$2:$G$56,7,FALSE) -> 27826.52 | I32: =VLOOKUP(A32,[2]השוואה!$A$2:$H$56,8,FALSE) -> 26113.65 | J32: =VLOOKUP(A32,[3]השוואה!$A$2:$J$57,10,FALSE) -> 29520.01 | K32: 30935.53
A33: 679 | B33: 0067 - עוזיאל עידן יעקב | C33: =VLOOKUP(B33,[1]השוואה!$A$2:$G$56,2,FALSE) -> 28551.74 | D33: =VLOOKUP(B33,[1]השוואה!$A$2:$G$56,3,FALSE) -> 36487.17 | E33: =VLOOKUP(B33,[1]השוואה!$A$2:$G$56,4,FALSE) -> 31033.3 | F33: =VLOOKUP(B33,[1]השוואה!$A$2:$G$56,5,FALSE) -> 29854.78 | G33: =VLOOKUP(B33,[1]השוואה!$A$2:$G$56,6,FALSE) -> 27548.33 | H33: =VLOOKUP(B33,[1]השוואה!$A$2:$G$56,7,FALSE) -> 30887.88 | I33: =VLOOKUP(A33,[2]השוואה!$A$2:$H$56,8,FALSE) -> 27961.89 | J33: =VLOOKUP(A33,[3]השוואה!$A$2:$J$57,10,FALSE) -> 26655.82 | K33: 30790.45
A34: 695 | B34: 0069 - גרבשקוב וסיליסה | C34: =VLOOKUP(B34,[1]השוואה!$A$2:$G$56,2,FALSE) -> 12117.5 | D34: =VLOOKUP(B34,[1]השוואה!$A$2:$G$56,3,FALSE) -> 11601.76 | E34: =VLOOKUP(B34,[1]השוואה!$A$2:$G$56,4,FALSE) -> 12682.99 | F34: =VLOOKUP(B34,[1]השוואה!$A$2:$G$56,5,FALSE) -> 8918.82 | G34: =VLOOKUP(B34,[1]השוואה!$A$2:$G$56,6,FALSE) -> 10634.47 | H34: =VLOOKUP(B34,[1]השוואה!$A$2:$G$56,7,FALSE) -> 8884.85 | I34: =VLOOKUP(A34,[2]השוואה!$A$2:$H$56,8,FALSE) -> 9449.85 | J34: =VLOOKUP(A34,[3]השוואה!$A$2:$J$57,10,FALSE) -> 8945.06 | K34: 10693.01
A35: 703 | B35: 0070 - חיריק אור | C35: =VLOOKUP(B35,[1]השוואה!$A$2:$G$56,2,FALSE) -> 7087.66 | D35: =VLOOKUP(B35,[1]השוואה!$A$2:$G$56,3,FALSE) -> 8232.74 | E35: =VLOOKUP(B35,[1]השוואה!$A$2:$G$56,4,FALSE) -> 9448.14 | F35: =VLOOKUP(B35,[1]השוואה!$A$2:$G$56,5,FALSE) -> 6501.91 | G35: =VLOOKUP(B35,[1]השוואה!$A$2:$G$56,6,FALSE) -> 5839.89 | H35: =VLOOKUP(B35,[1]השוואה!$A$2:$G$56,7,FALSE) -> 6620.88 | I35: =VLOOKUP(A35,[2]השוואה!$A$2:$H$56,8,FALSE) -> 4973.7 | J35: =VLOOKUP(A35,[3]השוואה!$A$2:$J$57,10,FALSE) -> 8710.01 | K35: 8972.94
A36: 729 | B36: 0072 - גוטמן רחל לאה | C36: =VLOOKUP(B36,[1]השוואה!$A$2:$G$56,2,FALSE) -> 13672.86 | D36: =VLOOKUP(B36,[1]השוואה!$A$2:$G$56,3,FALSE) -> 11405.16 | E36: =VLOOKUP(B36,[1]השוואה!$A$2:$G$56,4,FALSE) -> 15958.3 | F36: =VLOOKUP(B36,[1]השוואה!$A$2:$G$56,5,FALSE) -> 12666.62 | G36: =VLOOKUP(B36,[1]השוואה!$A$2:$G$56,6,FALSE) -> 4326.41 | H36: =VLOOKUP(B36,[1]השוואה!$A$2:$G$56,7,FALSE) -> 7824.79 | I36: =VLOOKUP(A36,[2]השוואה!$A$2:$H$56,8,FALSE) -> 12147.07 | J36: =VLOOKUP(A36,[3]השוואה!$A$2:$J$57,10,FALSE) -> 0 | K36: 0
A37: 745 | B37: 0074 - קוטליארוב ניקול | C37: =VLOOKUP(B37,[1]השוואה!$A$2:$G$56,2,FALSE) -> 11961.92 | D37: =VLOOKUP(B37,[1]השוואה!$A$2:$G$56,3,FALSE) -> 14220.52 | E37: =VLOOKUP(B37,[1]השוואה!$A$2:$G$56,4,FALSE) -> 11868.09 | F37: =VLOOKUP(B37,[1]השוואה!$A$2:$G$56,5,FALSE) -> 12844.62 | G37: =VLOOKUP(B37,[1]השוואה!$A$2:$G$56,6,FALSE) -> 12434.76 | H37: =VLOOKUP(B37,[1]השוואה!$A$2:$G$56,7,FALSE) -> 11088.04 | I37: =VLOOKUP(A37,[2]השוואה!$A$2:$H$56,8,FALSE) -> 9040.57 | J37: =VLOOKUP(A37,[3]השוואה!$A$2:$J$57,10,FALSE) -> 11034.23 | K37: 12635.11
A38: 752 | B38: 0075 - רפאל שיר | C38: =VLOOKUP(B38,[1]השוואה!$A$2:$G$56,2,FALSE) -> 6139.82 | D38: =VLOOKUP(B38,[1]השוואה!$A$2:$G$56,3,FALSE) -> 11384.09 | E38: =VLOOKUP(B38,[1]השוואה!$A$2:$G$56,4,FALSE) -> 12488.32 | F38: =VLOOKUP(B38,[1]השוואה!$A$2:$G$56,5,FALSE) -> 11029.21 | G38: =VLOOKUP(B38,[1]השוואה!$A$2:$G$56,6,FALSE) -> 10925.11 | H38: =VLOOKUP(B38,[1]השוואה!$A$2:$G$56,7,FALSE) -> 11186.81 | I38: =VLOOKUP(A38,[2]השוואה!$A$2:$H$56,8,FALSE) -> 10042.74 | J38: =VLOOKUP(A38,[3]השוואה!$A$2:$J$57,10,FALSE) -> 9578.22 | K38: 12903.35
A39: 760 | B39: 0076 - פלור רון | C39: =VLOOKUP(B39,[1]השוואה!$A$2:$G$56,2,FALSE) -> 3668.45 | D39: =VLOOKUP(B39,[1]השוואה!$A$2:$G$56,3,FALSE) -> 5452.86 | E39: =VLOOKUP(B39,[1]השוואה!$A$2:$G$56,4,FALSE) -> 1140.88 | F39: =VLOOKUP(B39,[1]השוואה!$A$2:$G$56,5,FALSE) -> 3142.74 | G39: =VLOOKUP(B39,[1]השוואה!$A$2:$G$56,6,FALSE) -> 5419.51 | H39: =VLOOKUP(B39,[1]השוואה!$A$2:$G$56,7,FALSE) -> 4829.99 | I39: =VLOOKUP(A39,[2]השוואה!$A$2:$H$56,8,FALSE) -> 3835.69 | J39: =VLOOKUP(A39,[3]השוואה!$A$2:$J$57,10,FALSE) -> 5181.99 | K39: 9870.52
A40: 778 | B40: 0077 - טוקר ערד | C40: =VLOOKUP(B40,[1]השוואה!$A$2:$G$56,2,FALSE) -> 2967.49 | D40: =VLOOKUP(B40,[1]השוואה!$A$2:$G$56,3,FALSE) -> 6681.95 | E40: =VLOOKUP(B40,[1]השוואה!$A$2:$G$56,4,FALSE) -> 4303.23 | F40: =VLOOKUP(B40,[1]השוואה!$A$2:$G$56,5,FALSE) -> 4324.09 | G40: =VLOOKUP(B40,[1]השוואה!$A$2:$G$56,6,FALSE) -> 7296.52 | H40: =VLOOKUP(B40,[1]השוואה!$A$2:$G$56,7,FALSE) -> 0 | I40: =VLOOKUP(A40,[2]השוואה!$A$2:$H$56,8,FALSE) -> 3437.09 | J40: =VLOOKUP(A40,[3]השוואה!$A$2:$J$57,10,FALSE) -> 4268.65 | K40: 14031.73
A41: 786 | B41: 0078 - משעלי נעם | C41: =VLOOKUP(B41,[1]השוואה!$A$2:$G$56,2,FALSE) -> 19805 | D41: =VLOOKUP(B41,[1]השוואה!$A$2:$G$56,3,FALSE) -> 18664.03 | E41: =VLOOKUP(B41,[1]השוואה!$A$2:$G$56,4,FALSE) -> 29176.34 | F41: =VLOOKUP(B41,[1]השוואה!$A$2:$G$56,5,FALSE) -> 22429.66 | G41: =VLOOKUP(B41,[1]השוואה!$A$2:$G$56,6,FALSE) -> 19184.91 | H41: =VLOOKUP(B41,[1]השוואה!$A$2:$G$56,7,FALSE) -> 17856.31 | I41: =VLOOKUP(A41,[2]השוואה!$A$2:$H$56,8,FALSE) -> 19568.58 | J41: =VLOOKUP(A41,[3]השוואה!$A$2:$J$57,10,FALSE) -> 23100.22 | K41: 26021.71
A42: 794 | B42: 0079 - צודיק דינה | C42: =VLOOKUP(B42,[1]השוואה!$A$2:$G$56,2,FALSE) -> 5771.05 | D42: =VLOOKUP(B42,[1]השוואה!$A$2:$G$56,3,FALSE) -> 5782.8 | E42: =VLOOKUP(B42,[1]השוואה!$A$2:$G$56,4,FALSE) -> 7560.14 | F42: =VLOOKUP(B42,[1]השוואה!$A$2:$G$56,5,FALSE) -> 8516.53 | G42: =VLOOKUP(B42,[1]השוואה!$A$2:$G$56,6,FALSE) -> 8213.68 | H42: =VLOOKUP(B42,[1]השוואה!$A$2:$G$56,7,FALSE) -> 8669.28 | I42: =VLOOKUP(A42,[2]השוואה!$A$2:$H$56,8,FALSE) -> 6373.39 | J42: =VLOOKUP(A42,[3]השוואה!$A$2:$J$57,10,FALSE) -> 4486.17 | K42: 7653.88
A43: 802 | B43: 0080 - ספיבק מיכל | C43: =VLOOKUP(B43,[1]השוואה!$A$2:$G$56,2,FALSE) -> 31173.65 | D43: =VLOOKUP(B43,[1]השוואה!$A$2:$G$56,3,FALSE) -> 17066.36 | E43: =VLOOKUP(B43,[1]השוואה!$A$2:$G$56,4,FALSE) -> 13309.25 | F43: =VLOOKUP(B43,[1]השוואה!$A$2:$G$56,5,FALSE) -> 31915.15 | G43: =VLOOKUP(B43,[1]השוואה!$A$2:$G$56,6,FALSE) -> 31915.15 | H43: =VLOOKUP(B43,[1]השוואה!$A$2:$G$56,7,FALSE) -> 32622.33 | I43: =VLOOKUP(A43,[2]השוואה!$A$2:$H$56,8,FALSE) -> 36324.23 | J43: =VLOOKUP(A43,[3]השוואה!$A$2:$J$57,10,FALSE) -> 35605.7 | K43: 35582.73
... A56: 935 | B56: אדלר נועה | C56: =VLOOKUP(B56,[1]השוואה!$A$2:$G$56,2,FALSE) -> 0 | D56: =VLOOKUP(B56,[1]השוואה!$A$2:$G$56,3,FALSE) -> 0 | E56: =VLOOKUP(B56,[1]השוואה!$A$2:$G$56,4,FALSE) -> 0 | F56: =VLOOKUP(B56,[1]השוואה!$A$2:$G$56,5,FALSE) -> 0 | G56: =VLOOKUP(B56,[1]השוואה!$A$2:$G$56,6,FALSE) -> 0 | H56: =VLOOKUP(B56,[1]השוואה!$A$2:$G$56,7,FALSE) -> 3042.14 | I56: =VLOOKUP(A56,[2]השוואה!$A$2:$H$56,8,FALSE) -> 5455.95 | J56: =VLOOKUP(A56,[3]השוואה!$A$2:$J$57,10,FALSE) -> 8070.63 | K56: 10201.1
A57: 943 | B57: ישי סיון | J57: =VLOOKUP(A57,[3]השוואה!$A$2:$J$57,10,FALSE) -> 13367.24 | K57: 22239.24
A58: 950 | B58: אלעד וקנין | K58: 12702.25
B59: סה"כ | C59: =SUM(C2:C58) -> 656541.34 | D59: =SUM(D2:D58) -> 584446.02 | E59: =SUM(E2:E58) -> 565594.09 | F59: =SUM(F2:F58) -> 546170.13 | G59: =SUM(G2:G58) -> 668391.97 | H59: =SUM(H2:H58) -> 538411.92 | I59: =SUM(I2:I58) -> 500893.01 | J59: =SUM(J2:J58) -> 580674.16 | K59: =SUM(K2:K58) -> 626492.53
B62: עלות עובדים | C62: =+C59-C63 -> 231166.66 | D62: =+D59-D63 -> 227729.85 | E62: =+E59-E63 -> 241617.18 | F62: =+F59-F63 -> 230396.34 | G62: =+G59-G63 -> 250021.94 | H62: =+H59-H63 -> 217251.76 | I62: =+I59-I63 -> 212696.52 | J62: =+J59-J63 -> 213807.67 | K62: =+K59-K63 -> 275050.91
B63: עלות רופאים | C63: =SUM(C54,C43:C44,C41,C31:C33,C29,C27,C23:C24,C20:C21,C15,C13,C11,C8,C3:C6) -> 425374.68 | D63: =SUM(D54,D43:D44,D41,D31:D33,D29,D27,D23:D24,D20:D21,D15,D13,D11,D8,D3:D6) -> 356716.17 | E63: =SUM(E54,E43:E44,E41,E31:E33,E29,E27,E23:E24,E20:E21,E15,E13,E11,E8,E3:E6) -> 323976.91 | F63: =SUM(F54,F43:F44,F41,F31:F33,F29,F27,F23:F24,F20:F21,F15,F13,F11,F8,F3:F6) -> 315773.79 | G63: =SUM(G54,G43:G44,G41,G31:G33,G29,G27,G23:G24,G20:G21,G15,G13,G11,G8,G3:G6) -> 418370.03 | H63: =SUM(H54,H43:H44,H41,H31:H33,H29,H27,H23:H24,H20:H21,H15,H13,H11,H8,H3:H6) -> 321160.16 | I63: =SUM(I54,I43:I44,I41,I31:I33,I29,I27,I23:I24,I20:I21,I15,I13,I11,I8,I3:I6) -> 288196.49 | J63: =SUM(J54,J43:J44,J41,J31:J33,J29,J27,J23:J24,J20:J21,J15,J13,J11,J8,J3:J6,J57) -> 366866.49 | K63: =SUM(K54,K43:K44,K41,K31:K33,K29,K27,K23:K24,K20:K21,K15,K13,K11,K8,K3:K6,K57) -> 351441.62
I64: בנטרול מיכל הראל | J64: =+J63-J4 -> 314216.49

Sheet נתוני ב"ש
A1: מספר עובד חדש | C1: 1.25 | D1: 2.25 | E1: 3.25 | F1: 4.25 | G1: 5.25 | H1: 6.25 | I1: 7.25 | J1: 8.25 | K1: 9.25 | L1: 10.25 | M1: 11.25 | N1: 12.25 | O1: 1.26 | P1: 2.26 | Q1: 3.26 | R1: 4.26
A3: 141 | B3: אזולאי אבישג | C3: =VLOOKUP($B3,[4]השוואה!$A$4:$J$28,2,FALSE) -> 9454.4 | D3: =VLOOKUP($B3,[4]השוואה!$A$4:$J$28,3,FALSE) -> 7376.31 | E3: =VLOOKUP($B3,[4]השוואה!$A$4:$J$28,4,FALSE) -> 8035.97 | F3: =VLOOKUP($B3,[4]השוואה!$A$4:$J$28,5,FALSE) -> 7626.95 | G3: =VLOOKUP($B3,[4]השוואה!$A$4:$J$28,6,FALSE) -> 8317.29 | H3: =VLOOKUP($B3,[4]השוואה!$A$4:$J$28,7,FALSE) -> 6343.07 | I3: =VLOOKUP($B3,[4]השוואה!$A$4:$J$28,8,FALSE) -> 10132.18 | J3: =VLOOKUP($B3,[4]השוואה!$A$4:$J$28,9,FALSE) -> 8195.16 | K3: =VLOOKUP($B3,[4]השוואה!$A$4:$J$28,10,FALSE) -> 9717.17 | L3: 7021.55 | M3: 6221.73 | N3: 6247.61 | P3: 0 | Q3: 13.49 | R3: 0
A4: 265 | B4: אילוז רוני | C4: =VLOOKUP($B4,[4]השוואה!$A$4:$J$28,2,FALSE) -> 1819.65 | D4: =VLOOKUP($B4,[4]השוואה!$A$4:$J$28,3,FALSE) -> 4991.1 | E4: =VLOOKUP($B4,[4]השוואה!$A$4:$J$28,4,FALSE) -> 5162.55 | F4: =VLOOKUP($B4,[4]השוואה!$A$4:$J$28,5,FALSE) -> 4784.9 | G4: =VLOOKUP($B4,[4]השוואה!$A$4:$J$28,6,FALSE) -> 5249.83 | H4: =VLOOKUP($B4,[4]השוואה!$A$4:$J$28,7,FALSE) -> 1177.68 | I4: =VLOOKUP($B4,[4]השוואה!$A$4:$J$28,8,FALSE) -> 2098.02 | J4: =VLOOKUP($B4,[4]השוואה!$A$4:$J$28,9,FALSE) -> 4583.51 | K4: =VLOOKUP($B4,[4]השוואה!$A$4:$J$28,10,FALSE) -> 5089.84 | L4: 3791.69 | M4: 6256.56 | N4: 4717.04 | O4: 5435.41 | P4: 4770.69 | Q4: 6201.71 | R4: 0
B5: אסרף נופר מזל | C5: =VLOOKUP($B5,[4]השוואה!$A$4:$J$28,2,FALSE) -> 0 | D5: =VLOOKUP($B5,[4]השוואה!$A$4:$J$28,3,FALSE) -> 0 | E5: =VLOOKUP($B5,[4]השוואה!$A$4:$J$28,4,FALSE) -> 0 | F5: =VLOOKUP($B5,[4]השוואה!$A$4:$J$28,5,FALSE) -> 0 | G5: =VLOOKUP($B5,[4]השוואה!$A$4:$J$28,6,FALSE) -> 0 | H5: =VLOOKUP($B5,[4]השוואה!$A$4:$J$28,7,FALSE) -> 1445.53 | I5: =VLOOKUP($B5,[4]השוואה!$A$4:$J$28,8,FALSE) -> 5634.61 | J5: =VLOOKUP($B5,[4]השוואה!$A$4:$J$28,9,FALSE) -> 4832.69 | K5: =VLOOKUP($B5,[4]השוואה!$A$4:$J$28,10,FALSE) -> 0 | L5: 0 | M5: 0 | N5: 0
A6: 59 | B6: אשר עומרי | C6: =VLOOKUP($B6,[4]השוואה!$A$4:$J$28,2,FALSE) -> 0 | D6: =VLOOKUP($B6,[4]השוואה!$A$4:$J$28,3,FALSE) -> 0 | E6: =VLOOKUP($B6,[4]השוואה!$A$4:$J$28,4,FALSE) -> 0 | F6: =VLOOKUP($B6,[4]השוואה!$A$4:$J$28,5,FALSE) -> 0 | G6: =VLOOKUP($B6,[4]השוואה!$A$4:$J$28,6,FALSE) -> 11525.5 | H6: =VLOOKUP($B6,[4]השוואה!$A$4:$J$28,7,FALSE) -> 25386.59 | I6: =VLOOKUP($B6,[4]השוואה!$A$4:$J$28,8,FALSE) -> 24980.94 | J6: =VLOOKUP($B6,[4]השוואה!$A$4:$J$28,9,FALSE) -> 25411.02 | K6: =VLOOKUP($B6,[4]השוואה!$A$4:$J$28,10,FALSE) -> 25437.22 | L6: 25411.02 | M6: 25411.02 | N6: 43559.74 | O6: 55690.27 | P6: 30590.28 | Q6: 24.01 | R6: 30590.28
B7: ביטון אסתר | C7: =VLOOKUP($B7,[4]השוואה!$A$4:$J$28,2,FALSE) -> 0 | D7: =VLOOKUP($B7,[4]השוואה!$A$4:$J$28,3,FALSE) -> 0 | E7: =VLOOKUP($B7,[4]השוואה!$A$4:$J$28,4,FALSE) -> 0 | F7: =VLOOKUP($B7,[4]השוואה!$A$4:$J$28,5,FALSE) -> 0 | G7: =VLOOKUP($B7,[4]השוואה!$A$4:$J$28,6,FALSE) -> 0 | H7: =VLOOKUP($B7,[4]השוואה!$A$4:$J$28,7,FALSE) -> 0 | I7: =VLOOKUP($B7,[4]השוואה!$A$4:$J$28,8,FALSE) -> 0 | J7: =VLOOKUP($B7,[4]השוואה!$A$4:$J$28,9,FALSE) -> 1233.6 | K7: =VLOOKUP($B7,[4]השוואה!$A$4:$J$28,10,FALSE) -> 0 | L7: 0 | M7: 0 | N7: 0
A8: 42 | B8: ברנע איתן | C8: =VLOOKUP($B8,[4]השוואה!$A$4:$J$28,2,FALSE) -> 27618.24 | D8: =VLOOKUP($B8,[4]השוואה!$A$4:$J$28,3,FALSE) -> 27618.24 | E8: =VLOOKUP($B8,[4]השוואה!$A$4:$J$28,4,FALSE) -> 27618.24 | F8: =VLOOKUP($B8,[4]השוואה!$A$4:$J$28,5,FALSE) -> 27618.24 | G8: =VLOOKUP($B8,[4]השוואה!$A$4:$J$28,6,FALSE) -> 27618.24 | H8: =VLOOKUP($B8,[4]השוואה!$A$4:$J$28,7,FALSE) -> 27618.24 | I8: =VLOOKUP($B8,[4]השוואה!$A$4:$J$28,8,FALSE) -> 27618.24 | J8: =VLOOKUP($B8,[4]השוואה!$A$4:$J$28,9,FALSE) -> 27618.24 | K8: =VLOOKUP($B8,[4]השוואה!$A$4:$J$28,10,FALSE) -> 27618.24 | L8: 0 | M8: 0 | N8: 0 | Q8: 36394.81 | R8: 0
A9: 174 | B9: גודימנקו איריס | C9: =VLOOKUP($B9,[4]השוואה!$A$4:$J$28,2,FALSE) -> 7002.33 | D9: =VLOOKUP($B9,[4]השוואה!$A$4:$J$28,3,FALSE) -> 5703.52 | E9: =VLOOKUP($B9,[4]השוואה!$A$4:$J$28,4,FALSE) -> 7212.32 | F9: =VLOOKUP($B9,[4]השוואה!$A$4:$J$28,5,FALSE) -> 7450.97 | G9: =VLOOKUP($B9,[4]השוואה!$A$4:$J$28,6,FALSE) -> 5348.03 | H9: =VLOOKUP($B9,[4]השוואה!$A$4:$J$28,7,FALSE) -> 6288.3 | I9: =VLOOKUP($B9,[4]השוואה!$A$4:$J$28,8,FALSE) -> 8617.81 | J9: =VLOOKUP($B9,[4]השוואה!$A$4:$J$28,9,FALSE) -> 8351.36 | K9: =VLOOKUP($B9,[4]השוואה!$A$4:$J$28,10,FALSE) -> 6564.54 | L9: 9420.56 | M9: 6549.2 | N9: 7618.83 | O9: 6205.14 | P9: 6285.56 | Q9: 6815.18 | R9: 10046.33
A10: 83 | B10: גולוס צורים עדי | C10: =VLOOKUP($B10,[4]השוואה!$A$4:$J$28,2,FALSE) -> 8079.33 | D10: =VLOOKUP($B10,[4]השוואה!$A$4:$J$28,3,FALSE) -> 8462.94 | E10: =VLOOKUP($B10,[4]השוואה!$A$4:$J$28,4,FALSE) -> 8267.91 | F10: =VLOOKUP($B10,[4]השוואה!$A$4:$J$28,5,FALSE) -> 10162.54 | G10: =VLOOKUP($B10,[4]השוואה!$A$4:$J$28,6,FALSE) -> 8759.64 | H10: =VLOOKUP($B10,[4]השוואה!$A$4:$J$28,7,FALSE) -> 8167.91 | I10: =VLOOKUP($B10,[4]השוואה!$A$4:$J$28,8,FALSE) -> 6469.48 | J10: =VLOOKUP($B10,[4]השוואה!$A$4:$J$28,9,FALSE) -> 9587.75 | K10: =VLOOKUP($B10,[4]השוואה!$A$4:$J$28,10,FALSE) -> 9500.47 | L10: 7997.44 | M10: 9117.01 | N10: 8365.64 | O10: 8090.2 | P10: 9561.46 | Q10: 8200.22 | R10: 6501.06
A11: 208 | B11: דלגדו גבריאלה | C11: =VLOOKUP($B11,[4]השוואה!$A$4:$J$28,2,FALSE) -> 0 | D11: =VLOOKUP($B11,[4]השוואה!$A$4:$J$28,3,FALSE) -> 0 | E11: =VLOOKUP($B11,[4]השוואה!$A$4:$J$28,4,FALSE) -> 0 | F11: =VLOOKUP($B11,[4]השוואה!$A$4:$J$28,5,FALSE) -> 0 | G11: =VLOOKUP($B11,[4]השוואה!$A$4:$J$28,6,FALSE) -> 0 | H11: =VLOOKUP($B11,[4]השוואה!$A$4:$J$28,7,FALSE) -> 0 | I11: =VLOOKUP($B11,[4]השוואה!$A$4:$J$28,8,FALSE) -> 0 | J11: =VLOOKUP($B11,[4]השוואה!$A$4:$J$28,9,FALSE) -> 0 | K11: =VLOOKUP($B11,[4]השוואה!$A$4:$J$28,10,FALSE) -> 0 | L11: 0 | M11: 7710.46 | N11: 12430.58 | O11: 12085.48 | P11: 8304.89 | Q11: 10084.82 | R11: 18424.34
A12: 91 | B12: הלברטל כרמל | C12: =VLOOKUP($B12,[4]השוואה!$A$4:$J$28,2,FALSE) -> 11378.04 | D12: =VLOOKUP($B12,[4]השוואה!$A$4:$J$28,3,FALSE) -> 1028.75 | E12: =VLOOKUP($B12,[4]השוואה!$A$4:$J$28,4,FALSE) -> 1028.75 | F12: =VLOOKUP($B12,[4]השוואה!$A$4:$J$28,5,FALSE) -> 1028.75 | G12: =VLOOKUP($B12,[4]השוואה!$A$4:$J$28,6,FALSE) -> 2050.74 | H12: =VLOOKUP($B12,[4]השוואה!$A$4:$J$28,7,FALSE) -> 10229.26 | I12: =VLOOKUP($B12,[4]השוואה!$A$4:$J$28,8,FALSE) -> 11454.15 | J12: =VLOOKUP($B12,[4]השוואה!$A$4:$J$28,9,FALSE) -> 13132.33 | K12: =VLOOKUP($B12,[4]השוואה!$A$4:$J$28,10,FALSE) -> 11856.76 | L12: 11151.08 | M12: 11482.83 | N12: 11936.07 | O12: 14545.06 | P12: 1195.61 | Q12: 1208.56 | R12: 1195.61
A13: 166 | B13: ווסלינג קים | C13: =VLOOKUP($B13,[4]השוואה!$A$4:$J$28,2,FALSE) -> 0 | D13: =VLOOKUP($B13,[4]השוואה!$A$4:$J$28,3,FALSE) -> 0 | E13: =VLOOKUP($B13,[4]השוואה!$A$4:$J$28,4,FALSE) -> 0 | F13: =VLOOKUP($B13,[4]השוואה!$A$4:$J$28,5,FALSE) -> 0 | G13: =VLOOKUP($B13,[4]השוואה!$A$4:$J$28,6,FALSE) -> 0 | H13: =VLOOKUP($B13,[4]השוואה!$A$4:$J$28,7,FALSE) -> 0 | I13: =VLOOKUP($B13,[4]השוואה!$A$4:$J$28,8,FALSE) -> 0 | J13: =VLOOKUP($B13,[4]השוואה!$A$4:$J$28,9,FALSE) -> 0 | K13: =VLOOKUP($B13,[4]השוואה!$A$4:$J$28,10,FALSE) -> 2381.77 | L13: 4692 | M13: 5082.51 | N13: 6628.55 | O13: 4401.85 | P13: 6271.4 | Q13: 5135.27 | R13: 4259.21
A14: 240 | B14: כהן ליאור | C14: =VLOOKUP($B14,[4]השוואה!$A$4:$J$28,2,FALSE) -> 10247.53 | D14: =VLOOKUP($B14,[4]השוואה!$A$4:$J$28,3,FALSE) -> 6128 | E14: =VLOOKUP($B14,[4]השוואה!$A$4:$J$28,4,FALSE) -> 14951.37 | F14: =VLOOKUP($B14,[4]השוואה!$A$4:$J$28,5,FALSE) -> 13324.59 | G14: =VLOOKUP($B14,[4]השוואה!$A$4:$J$28,6,FALSE) -> 16120.18 | H14: =VLOOKUP($B14,[4]השוואה!$A$4:$J$28,7,FALSE) -> 14294.71 | I14: =VLOOKUP($B14,[4]השוואה!$A$4:$J$28,8,FALSE) -> 8968.54 | J14: =VLOOKUP($B14,[4]השוואה!$A$4:$J$28,9,FALSE) -> 7662.8 | K14: =VLOOKUP($B14,[4]השוואה!$A$4:$J$28,10,FALSE) -> 9521.64 | L14: 5996.78 | M14: 3374.78 | N14: 4245.28 | O14: 2171.77 | P14: 2212.09 | Q14: 9.61 | R14: 6905.24
B15: לוין פדן שני | C15: =VLOOKUP($B15,[4]השוואה!$A$4:$J$28,2,FALSE) -> 13189 | D15: =VLOOKUP($B15,[4]השוואה!$A$4:$J$28,3,FALSE) -> 15614.29 | E15: =VLOOKUP($B15,[4]השוואה!$A$4:$J$28,4,FALSE) -> 13594.83 | F15: =VLOOKUP($B15,[4]השוואה!$A$4:$J$28,5,FALSE) -> 15551.23 | G15: =VLOOKUP($B15,[4]השוואה!$A$4:$J$28,6,FALSE) -> 10586.34 | H15: =VLOOKUP($B15,[4]השוואה!$A$4:$J$28,7,FALSE) -> 13759.66 | I15: =VLOOKUP($B15,[4]השוואה!$A$4:$J$28,8,FALSE) -> 15394.57 | J15: =VLOOKUP($B15,[4]השוואה!$A$4:$J$28,9,FALSE) -> 13732.66 | K15: =VLOOKUP($B15,[4]השוואה!$A$4:$J$28,10,FALSE) -> 11203.29 | L15: 10440.04 | M15: 0 | N15: 0
A16: 257 | B16: מולצ'נוב ליאורה | C16: =VLOOKUP($B16,[4]השוואה!$A$4:$J$28,2,FALSE) -> 2943.58 | D16: =VLOOKUP($B16,[4]השוואה!$A$4:$J$28,3,FALSE) -> 5044.37 | E16: =VLOOKUP($B16,[4]השוואה!$A$4:$J$28,4,FALSE) -> 4195.72 | F16: =VLOOKUP($B16,[4]השוואה!$A$4:$J$28,5,FALSE) -> 5680.41 | G16: =VLOOKUP($B16,[4]השוואה!$A$4:$J$28,6,FALSE) -> 5994.74 | H16: =VLOOKUP($B16,[4]השוואה!$A$4:$J$28,7,FALSE) -> 6216.82 | I16: =VLOOKUP($B16,[4]השוואה!$A$4:$J$28,8,FALSE) -> 6475.35 | J16: =VLOOKUP($B16,[4]השוואה!$A$4:$J$28,9,FALSE) -> 7026.26 | K16: =VLOOKUP($B16,[4]השוואה!$A$4:$J$28,10,FALSE) -> 6076.11 | L16: 6644.28 | M16: 7801.45 | N16: 4737.35 | O16: 5907.06 | P16: 6822.05 | Q16: 6277.8 | R16: 6916.69
A17: 117 | B17: נחום ספיר | C17: =VLOOKUP($B17,[4]השוואה!$A$4:$J$28,2,FALSE) -> 9949.92 | D17: =VLOOKUP($B17,[4]השוואה!$A$4:$J$28,3,FALSE) -> 9858.57 | E17: =VLOOKUP($B17,[4]השוואה!$A$4:$J$28,4,FALSE) -> 10800.73 | F17: =VLOOKUP($B17,[4]השוואה!$A$4:$J$28,5,FALSE) -> 10753.09 | G17: =VLOOKUP($B17,[4]השוואה!$A$4:$J$28,6,FALSE) -> 10448.74 | H17: =VLOOKUP($B17,[4]השוואה!$A$4:$J$28,7,FALSE) -> 7917.24 | I17: =VLOOKUP($B17,[4]השוואה!$A$4:$J$28,8,FALSE) -> 15866.56 | J17: =VLOOKUP($B17,[4]השוואה!$A$4:$J$28,9,FALSE) -> 11245.49 | K17: =VLOOKUP($B17,[4]השוואה!$A$4:$J$28,10,FALSE) -> 9968.17 | L17: 12754.64 | M17: 8051.95 | N17: 11007.96 | O17: 9171.5 | P17: 9803.27 | Q17: 22.95 | R17: 2683.89
A18: 18 | B18: סבג אלמוג | C18: =VLOOKUP($B18,[4]השוואה!$A$4:$J$28,2,FALSE) -> 9324.28 | D18: =VLOOKUP($B18,[4]השוואה!$A$4:$J$28,3,FALSE) -> 8084.87 | E18: =VLOOKUP($B18,[4]השוואה!$A$4:$J$28,4,FALSE) -> 10235.4 | F18: =VLOOKUP($B18,[4]השוואה!$A$4:$J$28,5,FALSE) -> 9187.92 | G18: =VLOOKUP($B18,[4]השוואה!$A$4:$J$28,6,FALSE) -> 12370.33 | H18: =VLOOKUP($B18,[4]השוואה!$A$4:$J$28,7,FALSE) -> 9842.07 | I18: =VLOOKUP($B18,[4]השוואה!$A$4:$J$28,8,FALSE) -> 12755.76 | J18: =VLOOKUP($B18,[4]השוואה!$A$4:$J$28,9,FALSE) -> 9075.5 | K18: =VLOOKUP($B18,[4]השוואה!$A$4:$J$28,10,FALSE) -> 10319 | L18: 9074.57 | M18: 9564.51 | N18: 7732.22 | O18: 11518.85 | P18: 10879.6 | Q18: 11678.83 | R18: 15436.41
A19: 273 | B19: סויפר רועי | C19: =VLOOKUP($B19,[4]השוואה!$A$4:$J$28,2,FALSE) -> 0 | D19: =VLOOKUP($B19,[4]השוואה!$A$4:$J$28,3,FALSE) -> 0 | E19: =VLOOKUP($B19,[4]השוואה!$A$4:$J$28,4,FALSE) -> 0 | F19: =VLOOKUP($B19,[4]השוואה!$A$4:$J$28,5,FALSE) -> 0 | G19: =VLOOKUP($B19,[4]השוואה!$A$4:$J$28,6,FALSE) -> 0 | H19: =VLOOKUP($B19,[4]השוואה!$A$4:$J$28,7,FALSE) -> 0 | I19: =VLOOKUP($B19,[4]השוואה!$A$4:$J$28,8,FALSE) -> 0 | J19: =VLOOKUP($B19,[4]השוואה!$A$4:$J$28,9,FALSE) -> 0 | K19: =VLOOKUP($B19,[4]השוואה!$A$4:$J$28,10,FALSE) -> 0 | N19: 3037.36 | O19: 4918.51 | P19: 5704.01 | Q19: 5733 | R19: 5340.46
A20: 232 | B20: סיונוב אפרת ליאל | C20: =VLOOKUP($B20,[4]השוואה!$A$4:$J$28,2,FALSE) -> 7836.49 | D20: =VLOOKUP($B20,[4]השוואה!$A$4:$J$28,3,FALSE) -> 6928.1 | E20: =VLOOKUP($B20,[4]השוואה!$A$4:$J$28,4,FALSE) -> 7673.81 | F20: =VLOOKUP($B20,[4]השוואה!$A$4:$J$28,5,FALSE) -> 9412.67 | G20: =VLOOKUP($B20,[4]השוואה!$A$4:$J$28,6,FALSE) -> 8794.02 | H20: =VLOOKUP($B20,[4]השוואה!$A$4:$J$28,7,FALSE) -> 10501.27 | I20: =VLOOKUP($B20,[4]השוואה!$A$4:$J$28,8,FALSE) -> 11967.74 | J20: =VLOOKUP($B20,[4]השוואה!$A$4:$J$28,9,FALSE) -> 9656.03 | K20: =VLOOKUP($B20,[4]השוואה!$A$4:$J$28,10,FALSE) -> 10258.94 | L20: 8966.49 | M20: 8347.21 | N20: 9466.55 | O20: 7964 | P20: 7657.38 | Q20: 8689.07 | R20: 10068.74
A21: 182 | B21: פרסדנוב מרי ילנה | C21: =VLOOKUP($B21,[4]השוואה!$A$4:$J$28,2,FALSE) -> 0 | D21: =VLOOKUP($B21,[4]השוואה!$A$4:$J$28,3,FALSE) -> 0 | E21: =VLOOKUP($B21,[4]השוואה!$A$4:$J$28,4,FALSE) -> 0 | F21: =VLOOKUP($B21,[4]השוואה!$A$4:$J$28,5,FALSE) -> 0 | G21: =VLOOKUP($B21,[4]השוואה!$A$4:$J$28,6,FALSE) -> 0 | H21: =VLOOKUP($B21,[4]השוואה!$A$4:$J$28,7,FALSE) -> 0 | I21: =VLOOKUP($B21,[4]השוואה!$A$4:$J$28,8,FALSE) -> 0 | J21: =VLOOKUP($B21,[4]השוואה!$A$4:$J$28,9,FALSE) -> 0 | K21: =VLOOKUP($B21,[4]השוואה!$A$4:$J$28,10,FALSE) -> 1858.76 | L21: 4862.53 | M21: 5435.11 | N21: 7311.35 | O21: 8820.36 | P21: 6443.78 | Q21: 4836.11 | R21: 7739.18
A22: 26 | B22: צור לוטן מירב | C22: =VLOOKUP($B22,[4]השוואה!$A$4:$J$28,2,FALSE) -> 9667.26 | D22: =VLOOKUP($B22,[4]השוואה!$A$4:$J$28,3,FALSE) -> 8961.38 | E22: =VLOOKUP($B22,[4]השוואה!$A$4:$J$28,4,FALSE) -> 7093.25 | F22: =VLOOKUP($B22,[4]השוואה!$A$4:$J$28,5,FALSE) -> 15128.19 | G22: =VLOOKUP($B22,[4]השוואה!$A$4:$J$28,6,FALSE) -> 10147.78 | H22: =VLOOKUP($B22,[4]השוואה!$A$4:$J$28,7,FALSE) -> 10530.71 | I22: =VLOOKUP($B22,[4]השוואה!$A$4:$J$28,8,FALSE) -> 10726.84 | J22: =VLOOKUP($B22,[4]השוואה!$A$4:$J$28,9,FALSE) -> 8810.98 | K22: =VLOOKUP($B22,[4]השוואה!$A$4:$J$28,10,FALSE) -> 10571.39 | L22: 14583.14 | M22: 12788.84 | N22: 13285.53 | O22: 10874.03 | P22: 11420.47 | Q22: 19782.21 | R22: 14588.1
A23: 190 | B23: קורנבלוט טל | C23: =VLOOKUP($B23,[4]השוואה!$A$4:$J$28,2,FALSE) -> 0 | D23: =VLOOKUP($B23,[4]השוואה!$A$4:$J$28,3,FALSE) -> 0 | E23: =VLOOKUP($B23,[4]השוואה!$A$4:$J$28,4,FALSE) -> 0 | F23: =VLOOKUP($B23,[4]השוואה!$A$4:$J$28,5,FALSE) -> 0 | G23: =VLOOKUP($B23,[4]השוואה!$A$4:$J$28,6,FALSE) -> 0 | H23: =VLOOKUP($B23,[4]השוואה!$A$4:$J$28,7,FALSE) -> 0 | I23: =VLOOKUP($B23,[4]השוואה!$A$4:$J$28,8,FALSE) -> 0 | J23: =VLOOKUP($B23,[4]השוואה!$A$4:$J$28,9,FALSE) -> 0 | K23: =VLOOKUP($B23,[4]השוואה!$A$4:$J$28,10,FALSE) -> 0 | L23: 0 | M23: 3575.37 | N23: 8293.19 | O23: 10090.33 | P23: 8536.39 | Q23: 10522.59 | R23: 8797.14
B24: רבקין גלית | C24: =VLOOKUP($B24,[4]השוואה!$A$4:$J$28,2,FALSE) -> 6353.8 | D24: =VLOOKUP($B24,[4]השוואה!$A$4:$J$28,3,FALSE) -> 0 | E24: =VLOOKUP($B24,[4]השוואה!$A$4:$J$28,4,FALSE) -> 0 | F24: =VLOOKUP($B24,[4]השוואה!$A$4:$J$28,5,FALSE) -> 0 | G24: =VLOOKUP($B24,[4]השוואה!$A$4:$J$28,6,FALSE) -> 0 | H24: =VLOOKUP($B24,[4]השוואה!$A$4:$J$28,7,FALSE) -> 0 | I24: =VLOOKUP($B24,[4]השוואה!$A$4:$J$28,8,FALSE) -> 0 | J24: =VLOOKUP($B24,[4]השוואה!$A$4:$J$28,9,FALSE) -> 0 | K24: =VLOOKUP($B24,[4]השוואה!$A$4:$J$28,10,FALSE) -> 0 | L24: 0 | M24: 0 | N24: 0
A25: 109 | B25: רנזין אירינה | C25: =VLOOKUP($B25,[4]השוואה!$A$4:$J$28,2,FALSE) -> 0 | D25: =VLOOKUP($B25,[4]השוואה!$A$4:$J$28,3,FALSE) -> 0 | E25: =VLOOKUP($B25,[4]השוואה!$A$4:$J$28,4,FALSE) -> 0 | F25: =VLOOKUP($B25,[4]השוואה!$A$4:$J$28,5,FALSE) -> 0 | G25: =VLOOKUP($B25,[4]השוואה!$A$4:$J$28,6,FALSE) -> 0 | H25: =VLOOKUP($B25,[4]השוואה!$A$4:$J$28,7,FALSE) -> 0 | I25: =VLOOKUP($B25,[4]השוואה!$A$4:$J$28,8,FALSE) -> 4462.83 | J25: =VLOOKUP($B25,[4]השוואה!$A$4:$J$28,9,FALSE) -> 8226.41 | K25: =VLOOKUP($B25,[4]השוואה!$A$4:$J$28,10,FALSE) -> 6159.03 | L25: 6889.98 | M25: 7091.27 | N25: 9548.17 | O25: 9350.32 | P25: 10069.78 | Q25: 8750.09 | R25: 10765.6
A26: 34 | B26: שילה מור | C26: =VLOOKUP($B26,[4]השוואה!$A$4:$J$28,2,FALSE) -> 2869.73 | D26: =VLOOKUP($B26,[4]השוואה!$A$4:$J$28,3,FALSE) -> 2640.48 | E26: =VLOOKUP($B26,[4]השוואה!$A$4:$J$28,4,FALSE) -> 3575.99 | F26: =VLOOKUP($B26,[4]השוואה!$A$4:$J$28,5,FALSE) -> 3131.31 | G26: =VLOOKUP($B26,[4]השוואה!$A$4:$J$28,6,FALSE) -> 3182.74 | H26: =VLOOKUP($B26,[4]השוואה!$A$4:$J$28,7,FALSE) -> 3122.13 | I26: =VLOOKUP($B26,[4]השוואה!$A$4:$J$28,8,FALSE) -> 3480.51 | J26: =VLOOKUP($B26,[4]השוואה!$A$4:$J$28,9,FALSE) -> 3755.51 | K26: =VLOOKUP($B26,[4]השוואה!$A$4:$J$28,10,FALSE) -> 3765.93 | L26: 4052.85 | M26: 3676.98 | N26: 3108.05 | O26: 2256.03 | P26: 3608.57 | Q26: 2280.67 | R26: 2108.12
A27: 133 | B27: תמם שלי | C27: =VLOOKUP($B27,[4]השוואה!$A$4:$J$28,2,FALSE) -> 0 | D27: =VLOOKUP($B27,[4]השוואה!$A$4:$J$28,3,FALSE) -> 0 | E27: =VLOOKUP($B27,[4]השוואה!$A$4:$J$28,4,FALSE) -> 0 | F27: =VLOOKUP($B27,[4]השוואה!$A$4:$J$28,5,FALSE) -> 0 | G27: =VLOOKUP($B27,[4]השוואה!$A$4:$J$28,6,FALSE) -> 0 | H27: =VLOOKUP($B27,[4]השוואה!$A$4:$J$28,7,FALSE) -> 0 | I27: =VLOOKUP($B27,[4]השוואה!$A$4:$J$28,8,FALSE) -> 0 | J27: =VLOOKUP($B27,[4]השוואה!$A$4:$J$28,9,FALSE) -> 3046.26 | K27: =VLOOKUP($B27,[4]השוואה!$A$4:$J$28,10,FALSE) -> 3544.09 | L27: 3922.41 | M27: 3905.11 | N27: 5164.69 | O27: 3161.89 | P27: 2070.53 | Q27: 0 | R27: 0
B31: סה"כ | C31: =SUM(C3:C30) -> 137733.58 | D31: =SUM(D3:D30) -> 118440.92 | E31: =SUM(E3:E30) -> 129446.84 | F31: =SUM(F3:F30) -> 140841.76 | G31: =SUM(G3:G30) -> 146514.14 | H31: =SUM(H3:H30) -> 162841.19 | I31: =SUM(I3:I30) -> 187104.13 | J31: =SUM(J3:J30) -> 185183.56 | ... R31: =SUM(R3:R30) -> 162366.4
B34: עלות עובדים | C34: =+C31-C35 -> 47604.26 | D34: =+D31-D35 -> 40768.75 | E34: =+E31-E35 -> 46091.76 | F34: =+F31-F35 -> 47275.13 | G34: =+G31-G35 -> 49256.98 | H34: =+H31-H35 -> 44936.87 | I34: =+I31-I35 -> 65624.81 | J34: =+J31-J35 -> 67982.29 | ... R34: =+R31-R35 -> 72680.74
B35: עלות רופאים | C35: =SUM(C6,C8,C10:C12,C14:C15,C17,C22:C23) -> 90129.32 | D35: =SUM(D6,D8,D10:D12,D14:D15,D17,D22:D23) -> 77672.17 | E35: =SUM(E6,E8,E10:E12,E14:E15,E17,E22:E23) -> 83355.08 | F35: =SUM(F6,F8,F10:F12,F14:F15,F17,F22:F23) -> 93566.63 | G35: =SUM(G6,G8,G10:G12,G14:G15,G17,G22:G23) -> 97257.16 | H35: =SUM(H6,H8,H10:H12,H14:H15,H17,H22:H23) -> 117904.32 | I35: =SUM(I6,I8,I10:I12,I14:I15,I17,I22:I23) -> 121479.32 | J35: =SUM(J6,J8,J10:J12,J14:J15,J17,J22:J23) -> 117201.27 | ... R35: =SUM(R6,R8,R10:R12,R14:R15,R17,R22:R23) -> 89685.66
P36: בנטרול איתן ברנע | Q36: =+Q35-Q8 -> 49854.97

Sheet נתוני חיפה
A1: מספר עובד חדש | B1: מספר | C1: שם משפחה | D1: שם פרטי | E1: 8.25 | F1: 9.25 | G1: 10.25 | H1: 11.25 | I1: 12.25 | J1: 1.26 | K1: 2.26 | L1: 3.26 | M1: 4.26
A2: 0 | B2: 3 | C2: וקנין | D2: הלל | E2: =VLOOKUP(B2,'[5]מי ווט'!$A$2:$J$45,5,FALSE) -> 5870 | F2: =VLOOKUP(B2,'[6]מי ווט'!$A$2:$F$42,4,FALSE) -> 3976 | G2: =VLOOKUP(B2,'[6]מי ווט'!$A$2:$F$42,5,FALSE) -> 2610 | H2: =VLOOKUP(B2,'[6]מי ווט'!$A$2:$F$42,6,FALSE) -> 0 | J2: =VLOOKUP(B2,'[5]מי ווט'!$A$2:$J$45,10,FALSE) -> 0
A3: 42 | B3: 4 | C3: פינקמן | D3: הדר | E3: =VLOOKUP(B3,'[5]מי ווט'!$A$2:$J$45,5,FALSE) -> 902 | F3: =VLOOKUP(B3,'[6]מי ווט'!$A$2:$F$42,4,FALSE) -> 2329 | G3: =VLOOKUP(B3,'[6]מי ווט'!$A$2:$F$42,5,FALSE) -> 1369 | H3: =VLOOKUP(B3,'[6]מי ווט'!$A$2:$F$42,6,FALSE) -> 1146 | I3: 2625 | J3: =VLOOKUP(B3,'[5]מי ווט'!$A$2:$J$45,10,FALSE) -> 1343.17 | K3: 2520.33 | L3: 3669.1 | M3: 2557.18
A4: 67 | B4: 6 | C4: באבי | D4: מאיה | E4: =VLOOKUP(B4,'[5]מי ווט'!$A$2:$J$45,5,FALSE) -> 8099 | F4: =VLOOKUP(B4,'[6]מי ווט'!$A$2:$F$42,4,FALSE) -> 5774 | G4: =VLOOKUP(B4,'[6]מי ווט'!$A$2:$F$42,5,FALSE) -> 10937 | H4: =VLOOKUP(B4,'[6]מי ווט'!$A$2:$F$42,6,FALSE) -> 5397 | I4: 5259 | J4: =VLOOKUP(B4,'[5]מי ווט'!$A$2:$J$45,10,FALSE) -> 6368.94 | K4: 7389.15 | L4: 7061.87 | M4: 5629.8
A5: 91 | B5: 9 | C5: גור שחר | D5: נועה | E5: =VLOOKUP(B5,'[5]מי ווט'!$A$2:$J$45,5,FALSE) -> 5886 | F5: =VLOOKUP(B5,'[6]מי ווט'!$A$2:$F$42,4,FALSE) -> 9597 | G5: =VLOOKUP(B5,'[6]מי ווט'!$A$2:$F$42,5,FALSE) -> 10862 | H5: =VLOOKUP(B5,'[6]מי ווט'!$A$2:$F$42,6,FALSE) -> 4873 | I5: 9789 | J5: =VLOOKUP(B5,'[5]מי ווט'!$A$2:$J$45,10,FALSE) -> 7336.72 | K5: 7305.73 | L5: 9104.85 | M5: 9493.94
A6: 109 | B6: 10 | C6: מאיר | D6: שנית | E6: =VLOOKUP(B6,'[5]מי ווט'!$A$2:$J$45,5,FALSE) -> 13153 | F6: =VLOOKUP(B6,'[6]מי ווט'!$A$2:$F$42,4,FALSE) -> 13099 | G6: =VLOOKUP(B6,'[6]מי ווט'!$A$2:$F$42,5,FALSE) -> 16517 | H6: =VLOOKUP(B6,'[6]מי ווט'!$A$2:$F$42,6,FALSE) -> 13100 | I6: 13100 | J6: =VLOOKUP(B6,'[5]מי ווט'!$A$2:$J$45,10,FALSE) -> 13148.17 | K6: 13093.87 | L6: 14192.84 | M6: 13093.87
A7: 117 | B7: 11 | C7: אלון | D7: ליז | E7: =VLOOKUP(B7,'[5]מי ווט'!$A$2:$J$45,5,FALSE) -> 13953 | F7: =VLOOKUP(B7,'[6]מי ווט'!$A$2:$F$42,4,FALSE) -> 13953 | G7: =VLOOKUP(B7,'[6]מי ווט'!$A$2:$F$42,5,FALSE) -> 17551 | H7: =VLOOKUP(B7,'[6]מי ווט'!$A$2:$F$42,6,FALSE) -> 13953 | I7: 13953 | J7: =VLOOKUP(B7,'[5]מי ווט'!$A$2:$J$45,10,FALSE) -> 14393.17 | K7: 14393.17 | L7: 15384.54 | M7: 14579.52
A8: 133 | B8: 13 | C8: בדולח | D8: נעה | E8: =VLOOKUP(B8,'[5]מי ווט'!$A$2:$J$45,5,FALSE) -> 22203 | F8: =VLOOKUP(B8,'[6]מי ווט'!$A$2:$F$42,4,FALSE) -> 22203 | G8: =VLOOKUP(B8,'[6]מי ווט'!$A$2:$F$42,5,FALSE) -> 25351 | H8: =VLOOKUP(B8,'[6]מי ווט'!$A$2:$F$42,6,FALSE) -> 22203 | I8: 22203 | J8: =VLOOKUP(B8,'[5]מי ווט'!$A$2:$J$45,10,FALSE) -> 22196.07 | K8: 22196.07 | L8: 23026.54 | M8: 22196.07
A9: 166 | B9: 16 | C9: באסל | D9: חגאזי | E9: =VLOOKUP(B9,'[5]מי ווט'!$A$2:$J$45,5,FALSE) -> 25588 | F9: =VLOOKUP(B9,'[6]מי ווט'!$A$2:$F$42,4,FALSE) -> 30645 | G9: =VLOOKUP(B9,'[6]מי ווט'!$A$2:$F$42,5,FALSE) -> 31945 | H9: =VLOOKUP(B9,'[6]מי ווט'!$A$2:$F$42,6,FALSE) -> 29892 | I9: 28278 | J9: =VLOOKUP(B9,'[5]מי ווט'!$A$2:$J$45,10,FALSE) -> 32467.87 | K9: 30531.07 | L9: 28025.94 | M9: 34619.87
A10: 216 | B10: 21 | C10: סימון | D10: אביגיל סלה | E10: =VLOOKUP(B10,'[5]מי ווט'!$A$2:$J$45,5,FALSE) -> 14119 | F10: =VLOOKUP(B10,'[6]מי ווט'!$A$2:$F$42,4,FALSE) -> 14400 | G10: =VLOOKUP(B10,'[6]מי ווט'!$A$2:$F$42,5,FALSE) -> 17289 | H10: =VLOOKUP(B10,'[6]מי ווט'!$A$2:$F$42,6,FALSE) -> 14084 | I10: 15460 | J10: =VLOOKUP(B10,'[5]מי ווט'!$A$2:$J$45,10,FALSE) -> 15758.25 | K10: 14401.8 | L10: 16338.29 | M10: 14927.7
A11: 224 | B11: 22 | C11: מיכסיונוק | D11: ארינה | E11: =VLOOKUP(B11,'[5]מי ווט'!$A$2:$J$45,5,FALSE) -> 11825 | F11: =VLOOKUP(B11,'[6]מי ווט'!$A$2:$F$42,4,FALSE) -> 9836 | G11: =VLOOKUP(B11,'[6]מי ווט'!$A$2:$F$42,5,FALSE) -> 13312 | H11: =VLOOKUP(B11,'[6]מי ווט'!$A$2:$F$42,6,FALSE) -> 9614 | I11: 10295 | J11: =VLOOKUP(B11,'[5]מי ווט'!$A$2:$J$45,10,FALSE) -> 8062.21 | K11: 7535.59 | L11: 10143.33 | M11: 7048.24
A12: 232 | B12: 23 | C12: חיים | D12: נתנאל | E12: =VLOOKUP(B12,'[5]מי ווט'!$A$2:$J$45,5,FALSE) -> 32748 | F12: =VLOOKUP(B12,'[6]מי ווט'!$A$2:$F$42,4,FALSE) -> 28129 | G12: =VLOOKUP(B12,'[6]מי ווט'!$A$2:$F$42,5,FALSE) -> 37001 | H12: =VLOOKUP(B12,'[6]מי ווט'!$A$2:$F$42,6,FALSE) -> 34631 | I12: 30685 | J12: =VLOOKUP(B12,'[5]מי ווט'!$A$2:$J$45,10,FALSE) -> 33761.26 | K12: 35017.69 | L12: 34519.84 | M12: 34091.07
A13: 0 | B13: 24 | C13: שרבן | D13: אנקה | E13: =VLOOKUP(B13,'[5]מי ווט'!$A$2:$J$45,5,FALSE) -> 20161 | F13: =VLOOKUP(B13,'[6]מי ווט'!$A$2:$F$42,4,FALSE) -> 20161 | G13: =VLOOKUP(B13,'[6]מי ווט'!$A$2:$F$42,5,FALSE) -> 22860 | H13: =VLOOKUP(B13,'[6]מי ווט'!$A$2:$F$42,6,FALSE) -> 20161 | I13: 21171 | J13: =VLOOKUP(B13,'[5]מי ווט'!$A$2:$J$45,10,FALSE) -> 0
A14: 257 | B14: 25 | C14: עבד אלהאדי | D14: גיהאד | E14: =VLOOKUP(B14,'[5]מי ווט'!$A$2:$J$45,5,FALSE) -> 19104 | F14: =VLOOKUP(B14,'[6]מי ווט'!$A$2:$F$42,4,FALSE) -> 19969 | G14: =VLOOKUP(B14,'[6]מי ווט'!$A$2:$F$42,5,FALSE) -> 25727 | H14: =VLOOKUP(B14,'[6]מי ווט'!$A$2:$F$42,6,FALSE) -> 17667 | I14: 19684 | J14: =VLOOKUP(B14,'[5]מי ווט'!$A$2:$J$45,10,FALSE) -> 18211.91 | K14: 19846.29 | L14: 16949.41 | M14: 21272.6
A15: 265 | B15: 26 | C15: מגנדף | D15: ולאא | E15: =VLOOKUP(B15,'[5]מי ווט'!$A$2:$J$45,5,FALSE) -> 22473 | F15: =VLOOKUP(B15,'[6]מי ווט'!$A$2:$F$42,4,FALSE) -> 14291 | G15: =VLOOKUP(B15,'[6]מי ווט'!$A$2:$F$42,5,FALSE) -> 27860 | H15: =VLOOKUP(B15,'[6]מי ווט'!$A$2:$F$42,6,FALSE) -> 24239 | I15: 18057 | J15: =VLOOKUP(B15,'[5]מי ווט'!$A$2:$J$45,10,FALSE) -> 18688.94 | K15: 16451.58 | L15: 17798.13 | M15: 19973.74
A16: 273 | B16: 27 | C16: קסנביץ | D16: כריסטינה | E16: =VLOOKUP(B16,'[5]מי ווט'!$A$2:$J$45,5,FALSE) -> 6291 | F16: =VLOOKUP(B16,'[6]מי ווט'!$A$2:$F$42,4,FALSE) -> 6169 | G16: =VLOOKUP(B16,'[6]מי ווט'!$A$2:$F$42,5,FALSE) -> 10738 | H16: =VLOOKUP(B16,'[6]מי ווט'!$A$2:$F$42,6,FALSE) -> 6301 | I16: 9108 | J16: =VLOOKUP(B16,'[5]מי ווט'!$A$2:$J$45,10,FALSE) -> 8100.09 | K16: 7646.63 | L16: 7324.59 | M16: 8541.56
A17: 315 | B17: 31 | C17: ביטון | D17: רוחמה | E17: =VLOOKUP(B17,'[5]מי ווט'!$A$2:$J$45,5,FALSE) -> 8442 | F17: =VLOOKUP(B17,'[6]מי ווט'!$A$2:$F$42,4,FALSE) -> 10852 | G17: =VLOOKUP(B17,'[6]מי ווט'!$A$2:$F$42,5,FALSE) -> 13030 | H17: =VLOOKUP(B17,'[6]מי ווט'!$A$2:$F$42,6,FALSE) -> 7619 | I17: 7387 | J17: =VLOOKUP(B17,'[5]מי ווט'!$A$2:$J$45,10,FALSE) -> 7920.73 | K17: 5537.14 | L17: 8382.95 | M17: 7071.81
A18: 323 | B18: 32 | C18: אברמוביץ' | D18: ודים | E18: =VLOOKUP(B18,'[5]מי ווט'!$A$2:$J$45,5,FALSE) -> 34343 | F18: =VLOOKUP(B18,'[6]מי ווט'!$A$2:$F$42,4,FALSE) -> 29447 | G18: =VLOOKUP(B18,'[6]מי ווט'!$A$2:$F$42,5,FALSE) -> 39853 | H18: =VLOOKUP(B18,'[6]מי ווט'!$A$2:$F$42,6,FALSE) -> 32920 | I18: 31086 | J18: =VLOOKUP(B18,'[5]מי ווט'!$A$2:$J$45,10,FALSE) -> 31854.27 | K18: 30735.98 | L18: 0 | M18: 0
A19: 356 | B19: 35 | C19: יוסף | D19: סאנדי | E19: =VLOOKUP(B19,'[5]מי ווט'!$A$2:$J$45,5,FALSE) -> 8481 | F19: =VLOOKUP(B19,'[6]מי ווט'!$A$2:$F$42,4,FALSE) -> 9623 | G19: =VLOOKUP(B19,'[6]מי ווט'!$A$2:$F$42,5,FALSE) -> 12222 | H19: =VLOOKUP(B19,'[6]מי ווט'!$A$2:$F$42,6,FALSE) -> 5784 | I19: 8745 | J19: =VLOOKUP(B19,'[5]מי ווט'!$A$2:$J$45,10,FALSE) -> 9720.04 | K19: 8168.07 | L19: 8446.78 | M19: 8110.37
A20: 364 | B20: 36 | C20: שומר | D20: מלכה אהבה | E20: =VLOOKUP(B20,'[5]מי ווט'!$A$2:$J$45,5,FALSE) -> 6896 | F20: =VLOOKUP(B20,'[6]מי ווט'!$A$2:$F$42,4,FALSE) -> 6586 | G20: =VLOOKUP(B20,'[6]מי ווט'!$A$2:$F$42,5,FALSE) -> 10241 | H20: =VLOOKUP(B20,'[6]מי ווט'!$A$2:$F$42,6,FALSE) -> 6061 | I20: 6304 | J20: =VLOOKUP(B20,'[5]מי ווט'!$A$2:$J$45,10,FALSE) -> 6641.24 | K20: 5502.4 | L20: 4333.14 | M20: 5267.62
A21: 398 | B21: 39 | C21: אבו ריא | D21: נדין | E21: =VLOOKUP(B21,'[5]מי ווט'!$A$2:$J$45,5,FALSE) -> 5815 | F21: =VLOOKUP(B21,'[6]מי ווט'!$A$2:$F$42,4,FALSE) -> 12261 | G21: =VLOOKUP(B21,'[6]מי ווט'!$A$2:$F$42,5,FALSE) -> 12921 | H21: =VLOOKUP(B21,'[6]מי ווט'!$A$2:$F$42,6,FALSE) -> 7715 | I21: 5940 | J21: =VLOOKUP(B21,'[5]מי ווט'!$A$2:$J$45,10,FALSE) -> 712.15 | K21: 0 | L21: 11.5 | M21: 0
A22: 406 | B22: 40 | C22: ז'יטינסקי זאיצב | D22: ויקטוריה | E22: =VLOOKUP(B22,'[5]מי ווט'!$A$2:$J$45,5,FALSE) -> 8206 | F22: =VLOOKUP(B22,'[6]מי ווט'!$A$2:$F$42,4,FALSE) -> 8630 | G22: =VLOOKUP(B22,'[6]מי ווט'!$A$2:$F$42,5,FALSE) -> 14391 | H22: =VLOOKUP(B22,'[6]מי ווט'!$A$2:$F$42,6,FALSE) -> 9709 | I22: 12255 | J22: =VLOOKUP(B22,'[5]מי ווט'!$A$2:$J$45,10,FALSE) -> 8200.8 | K22: 6124.57 | L22: 9736.38 | M22: 10376.22
A23: 414 | B23: 41 | C23: מוכעבל | D23: גוני | E23: =VLOOKUP(B23,'[5]מי ווט'!$A$2:$J$45,5,FALSE) -> 19695 | F23: =VLOOKUP(B23,'[6]מי ווט'!$A$2:$F$42,4,FALSE) -> 20063 | G23: =VLOOKUP(B23,'[6]מי ווט'!$A$2:$F$42,5,FALSE) -> 25820 | H23: =VLOOKUP(B23,'[6]מי ווט'!$A$2:$F$42,6,FALSE) -> 17437 | I23: 20759 | J23: =VLOOKUP(B23,'[5]מי ווט'!$A$2:$J$45,10,FALSE) -> 19482.35 | K23: 11574.97 | L23: 20831.29 | M23: 23569.1
A24: 422 | B24: 42 | C24: חבה | D24: ערן | E24: =VLOOKUP(B24,'[5]מי ווט'!$A$2:$J$45,5,FALSE) -> 50891 | F24: =VLOOKUP(B24,'[6]מי ווט'!$A$2:$F$42,4,FALSE) -> 50889 | G24: =VLOOKUP(B24,'[6]מי ווט'!$A$2:$F$42,5,FALSE) -> 53138 | H24: =VLOOKUP(B24,'[6]מי ווט'!$A$2:$F$42,6,FALSE) -> 50889 | I24: 50890 | J24: =VLOOKUP(B24,'[5]מי ווט'!$A$2:$J$45,10,FALSE) -> 50773.29 | K24: 50773.29 | L24: 50794.8 | M24: 45577.81
A25: 448 | B25: 44 | C25: וקנין קערו | D25: אדוה | E25: =VLOOKUP(B25,'[5]מי ווט'!$A$2:$J$45,5,FALSE) -> 11249 | F25: =VLOOKUP(B25,'[6]מי ווט'!$A$2:$F$42,4,FALSE) -> 9322 | G25: =VLOOKUP(B25,'[6]מי ווט'!$A$2:$F$42,5,FALSE) -> 12261 | H25: =VLOOKUP(B25,'[6]מי ווט'!$A$2:$F$42,6,FALSE) -> 10299 | I25: 11182 | J25: =VLOOKUP(B25,'[5]מי ווט'!$A$2:$J$45,10,FALSE) -> 9850.39 | K25: 9537.04 | L25: 872.83 | M25: 6396.52
A26: 455 | B26: 45 | C26: קנייב | D26: נטליה | E26: =VLOOKUP(B26,'[5]מי ווט'!$A$2:$J$45,5,FALSE) -> 8053 | F26: =VLOOKUP(B26,'[6]מי ווט'!$A$2:$F$42,4,FALSE) -> 7349 | G26: =VLOOKUP(B26,'[6]מי ווט'!$A$2:$F$42,5,FALSE) -> 9694 | H26: =VLOOKUP(B26,'[6]מי ווט'!$A$2:$F$42,6,FALSE) -> 4008 | J26: =VLOOKUP(B26,'[5]מי ווט'!$A$2:$J$45,10,FALSE) -> 0 | K26: 2851 | L26: 23.97 | M26: 0
A27: 489 | B27: 48 | C27: קוגל | D27: דיאנה | E27: =VLOOKUP(B27,'[5]מי ווט'!$A$2:$J$45,5,FALSE) -> 5246 | F27: =VLOOKUP(B27,'[6]מי ווט'!$A$2:$F$42,4,FALSE) -> 4119 | G27: =VLOOKUP(B27,'[6]מי ווט'!$A$2:$F$42,5,FALSE) -> 5855 | H27: =VLOOKUP(B27,'[6]מי ווט'!$A$2:$F$42,6,FALSE) -> 5099 | I27: 11152 | J27: =VLOOKUP(B27,'[5]מי ווט'!$A$2:$J$45,10,FALSE) -> 6451.44 | K27: 7269.1 | L27: 5217.47 | M27: 6265.26
A28: 0 | B28: 50 | C28: פודי | D28: רהף | E28: =VLOOKUP(B28,'[5]מי ווט'!$A$2:$J$45,5,FALSE) -> 0 | F28: =VLOOKUP(B28,'[6]מי ווט'!$A$2:$F$42,4,FALSE) -> 0 | G28: =VLOOKUP(B28,'[6]מי ווט'!$A$2:$F$42,5,FALSE) -> 0 | H28: =VLOOKUP(B28,'[6]מי ווט'!$A$2:$F$42,6,FALSE) -> 0 | J28: =VLOOKUP(B28,'[5]מי ווט'!$A$2:$J$45,10,FALSE) -> 0
A29: 0 | B29: 51 | C29: יונס | D29: מוחמד | E29: =VLOOKUP(B29,'[5]מי ווט'!$A$2:$J$45,5,FALSE) -> 1214 | F29: =VLOOKUP(B29,'[6]מי ווט'!$A$2:$F$42,4,FALSE) -> 0 | G29: =VLOOKUP(B29,'[6]מי ווט'!$A$2:$F$42,5,FALSE) -> 0 | H29: =VLOOKUP(B29,'[6]מי ווט'!$A$2:$F$42,6,FALSE) -> 0 | J29: =VLOOKUP(B29,'[5]מי ווט'!$A$2:$J$45,10,FALSE) -> 0
A30: 521 | B30: 52 | C30: זובידאת | D30: באסל | E30: =VLOOKUP(B30,'[5]מי ווט'!$A$2:$J$45,5,FALSE) -> 9954 | F30: =VLOOKUP(B30,'[6]מי ווט'!$A$2:$F$42,4,FALSE) -> 11061 | G30: =VLOOKUP(B30,'[6]מי ווט'!$A$2:$F$42,5,FALSE) -> 9892 | H30: =VLOOKUP(B30,'[6]מי ווט'!$A$2:$F$42,6,FALSE) -> 8072 | I30: 9223 | J30: =VLOOKUP(B30,'[5]מי ווט'!$A$2:$J$45,10,FALSE) -> 13652.62 | K30: 13591.84 | L30: 7859.5 | M30: 17629.34
A31: 0 | B31: 54 | C31: קפלוניק | D31: שי | E31: =VLOOKUP(B31,'[5]מי ווט'!$A$2:$J$45,5,FALSE) -> 0 | F31: =VLOOKUP(B31,'[6]מי ווט'!$A$2:$F$42,4,FALSE) -> 0 | G31: =VLOOKUP(B31,'[6]מי ווט'!$A$2:$F$42,5,FALSE) -> 0 | H31: =VLOOKUP(B31,'[6]מי ווט'!$A$2:$F$42,6,FALSE) -> 0 | J31: =VLOOKUP(B31,'[5]מי ווט'!$A$2:$J$45,10,FALSE) -> 0
A32: 554 | B32: 55 | C32: נסראוי | D32: הייא | E32: =VLOOKUP(B32,'[5]מי ווט'!$A$2:$J$45,5,FALSE) -> 1096 | F32: =VLOOKUP(B32,'[6]מי ווט'!$A$2:$F$42,4,FALSE) -> 2444 | G32: =VLOOKUP(B32,'[6]מי ווט'!$A$2:$F$42,5,FALSE) -> 5136 | H32: =VLOOKUP(B32,'[6]מי ווט'!$A$2:$F$42,6,FALSE) -> 6107 | I32: 6822 | J32: =VLOOKUP(B32,'[5]מי ווט'!$A$2:$J$45,10,FALSE) -> 1458.55 | K32: 0 | L32: 12.51 | M32: 1005.61
A33: 562 | B33: 56 | C33: קאהאן | D33: אילת נגה | E33: =VLOOKUP(B33,'[5]מי ווט'!$A$2:$J$45,5,FALSE) -> 10086 | F33: =VLOOKUP(B33,'[6]מי ווט'!$A$2:$F$42,4,FALSE) -> 8576 | G33: =VLOOKUP(B33,'[6]מי ווט'!$A$2:$F$42,5,FALSE) -> 9535 | H33: =VLOOKUP(B33,'[6]מי ווט'!$A$2:$F$42,6,FALSE) -> 7917 | I33: 6091 | J33: =VLOOKUP(B33,'[5]מי ווט'!$A$2:$J$45,10,FALSE) -> 5118.79 | K33: 6413.55 | L33: 7222.53 | M33: 9250.42
A34: 570 | B34: 57 | C34: אחרס | D34: סיואר | E34: =VLOOKUP(B34,'[5]מי ווט'!$A$2:$J$45,5,FALSE) -> 1464 | F34: =VLOOKUP(B34,'[6]מי ווט'!$A$2:$F$42,4,FALSE) -> 5638 | G34: =VLOOKUP(B34,'[6]מי ווט'!$A$2:$F$42,5,FALSE) -> 5153 | H34: =VLOOKUP(B34,'[6]מי ווט'!$A$2:$F$42,6,FALSE) -> 7917 | I34: 6438 | J34: =VLOOKUP(B34,'[5]מי ווט'!$A$2:$J$45,10,FALSE) -> 8416.75 | K34: 5243.45 | L34: 5596.84 | M34: 5060.2
A35: 588 | B35: 58 | C35: שאהין | D35: נור | E35: =VLOOKUP(B35,'[5]מי ווט'!$A$2:$J$45,5,FALSE) -> 10722 | F35: =VLOOKUP(B35,'[6]מי ווט'!$A$2:$F$42,4,FALSE) -> 5836 | G35: =VLOOKUP(B35,'[6]מי ווט'!$A$2:$F$42,5,FALSE) -> 4647 | H35: =VLOOKUP(B35,'[6]מי ווט'!$A$2:$F$42,6,FALSE) -> 6609 | I35: 5753 | J35: =VLOOKUP(B35,'[5]מי ווט'!$A$2:$J$45,10,FALSE) -> 9808.45 | K35: 5949.05 | L35: 9491.86 | M35: 11660.19
A36: 596 | B36: 59 | C36: אביטל ליבנה | D36: יוחאי | E36: =VLOOKUP(B36,'[5]מי ווט'!$A$2:$J$45,5,FALSE) -> 21652 | F36: =VLOOKUP(B36,'[6]מי ווט'!$A$2:$F$42,4,FALSE) -> 26171 | G36: =VLOOKUP(B36,'[6]מי ווט'!$A$2:$F$42,5,FALSE) -> 20980 | H36: =VLOOKUP(B36,'[6]מי ווט'!$A$2:$F$42,6,FALSE) -> 25644 | I36: 9049 | J36: =VLOOKUP(B36,'[5]מי ווט'!$A$2:$J$45,10,FALSE) -> 21988.33 | K36: 17405.21 | L36: 17956.77 | M36: 19122.68
A37: 0 | B37: 60 | C37: וינשטין | D37: אדוה | E37: =VLOOKUP(B37,'[5]מי ווט'!$A$2:$J$45,5,FALSE) -> 0 | F37: =VLOOKUP(B37,'[6]מי ווט'!$A$2:$F$42,4,FALSE) -> 7080 | G37: =VLOOKUP(B37,'[6]מי ווט'!$A$2:$F$42,5,FALSE) -> 3098 | H37: =VLOOKUP(B37,'[6]מי ווט'!$A$2:$F$42,6,FALSE) -> 5839 | I37: 7343 | J37: =VLOOKUP(B37,'[5]מי ווט'!$A$2:$J$45,10,FALSE) -> 0
A38: 612 | B38: 61 | C38: סקומורובסקי | D38: קיריל | E38: =VLOOKUP(B38,'[5]מי ווט'!$A$2:$J$45,5,FALSE) -> 0 | F38: =VLOOKUP(B38,'[6]מי ווט'!$A$2:$F$42,4,FALSE) -> 14875 | G38: =VLOOKUP(B38,'[6]מי ווט'!$A$2:$F$42,5,FALSE) -> 20897 | H38: =VLOOKUP(B38,'[6]מי ווט'!$A$2:$F$42,6,FALSE) -> 21262 | I38: 31637 | J38: =VLOOKUP(B38,'[5]מי ווט'!$A$2:$J$45,10,FALSE) -> 20970.5 | K38: 8732.29 | L38: 0 | M38: 0
A39: 620 | B39: 62 | C39: טאראסולה | D39: נועה | E39: =VLOOKUP(B39,'[5]מי ווט'!$A$2:$J$45,5,FALSE) -> 0 | F39: =VLOOKUP(B39,'[6]מי ווט'!$A$2:$F$42,4,FALSE) -> 0 | G39: =VLOOKUP(B39,'[6]מי ווט'!$A$2:$F$42,5,FALSE) -> 1838 | H39: =VLOOKUP(B39,'[6]מי ווט'!$A$2:$F$42,6,FALSE) -> 4857 | I39: 6271 | J39: =VLOOKUP(B39,'[5]מי ווט'!$A$2:$J$45,10,FALSE) -> 5158.84 | K39: 4947.52 | L39: 2926.35 | M39: 4801.11
A40: 638 | B40: 63 | C40: קטלר | D40: ניקולאס | E40: =VLOOKUP(B40,'[5]מי ווט'!$A$2:$J$45,5,FALSE) -> 0 | F40: =VLOOKUP(B40,'[6]מי ווט'!$A$2:$F$42,4,FALSE) -> 0 | G40: =VLOOKUP(B40,'[6]מי ווט'!$A$2:$F$42,5,FALSE) -> 3926 | H40: =VLOOKUP(B40,'[6]מי ווט'!$A$2:$F$42,6,FALSE) -> 3036 | I40: 5088 | J40: =VLOOKUP(B40,'[5]מי ווט'!$A$2:$J$45,10,FALSE) -> 3818.41 | K40: 2462.29 | L40: 3012.16 | M40: 3458.32
A41: 0 | B41: 64 | C41: יפתח | D41: מירל מירלה | E41: =VLOOKUP(B41,'[5]מי ווט'!$A$2:$J$45,5,FALSE) -> 0 | F41: =VLOOKUP(B41,'[6]מי ווט'!$A$2:$F$42,4,FALSE) -> 0 | G41: =VLOOKUP(B41,'[6]מי ווט'!$A$2:$F$42,5,FALSE) -> 0 | H41: =VLOOKUP(B41,'[6]מי ווט'!$A$2:$F$42,6,FALSE) -> 2699 | J41: =VLOOKUP(B41,'[5]מי ווט'!$A$2:$J$45,10,FALSE) -> 0
A42: 653 | B42: 65 | C42: רסקנסקי | D42: הילה הילי | E42: =VLOOKUP(B42,'[5]מי ווט'!$A$2:$J$45,5,FALSE) -> 0 | F42: =VLOOKUP(B42,'[6]מי ווט'!$A$2:$F$42,4,FALSE) -> 0 | G42: =VLOOKUP(B42,'[6]מי ווט'!$A$2:$F$42,5,FALSE) -> 0 | H42: =VLOOKUP(B42,'[6]מי ווט'!$A$2:$F$42,6,FALSE) -> 39290 | I42: 47103 | J42: =VLOOKUP(B42,'[5]מי ווט'!$A$2:$J$45,10,FALSE) -> 39283.28 | K42: 36995.32 | L42: 39307.25 | M42: 39283.28
A43: 661 | B43: 66 | C43: מולצנוב | D43: אנסטסיה | E43: =VLOOKUP(B43,'[5]מי ווט'!$A$2:$J$45,5,FALSE) -> 0 | I43: 1645 | J43: =VLOOKUP(B43,'[5]מי ווט'!$A$2:$J$45,10,FALSE) -> 6520.95 | K43: 6750.8 | L43: 5740.57 | M43: 5490.41
A44: 679 | B44: #N/A | C44: טל | D44: סיון | J44: =+'[5]מי ווט'!$J$44 -> 21941.38 | K44: 21941.38 | L44: 23041.35 | M44: 21941.38
A45: 695 | B45: #N/A | C45: מח'ימר | D45: מונא | J45: =+'[5]מי ווט'!$J$45 -> 2926.55 | K45: 5521.62 | L45: 4627.56 | M45: 7712.76
A46: 703 | C46: אלמגור | D46: רותם | K46: 1395.09 | L46: 47.03 | M46: 0
A47: 711 | C47: אבו זיד | D47: אימאן | K47: 2334.58 | L47: 3362.4 | M47: 0
A48: 729 | C48: דוחין | D48: איריס | L48: 6504.74 | M48: 7421.41
A49: 737 | C49: שטרית | D49: גל | L49: 1597.51 | M49: 0
A50: 745 | C50: נורי | D50: ירדן | M50: 5546.04
A51: 752 | C51: עאשור | D51: חנאן | M51: 4227.5
E54: =SUM(E2:E45) -> 445880 | F54: =SUM(F2:F45) -> 465353 | G54: =SUM(G2:G45) -> 566457 | H54: =SUM(H2:H45) -> 514050 | I54: =SUM(I2:I45) -> 527830 | J54: =SUM(J2:J45) -> 512506.87 | K54: =SUM(K2:K48) -> 476086.52 | L54: =SUM(L2:L49) -> 450497.31 | M54: =SUM(M2:M53) -> 484270.52
B56: עלות עובדים | E56: =+E54-E57 -> 149925 | F56: =+F54-F57 -> 160972 | G56: =+G54-G57 -> 210698 | H56: =+H54-H57 -> 153073 | I56: =+I54-I57 -> 169438 | J56: =+J54-J57 -> 153759.09 | K56: =+K54-K57 -> 152347.03 | L56: =+L54-L57 -> 166724.86 | M56: =+M54-M57 -> 173950.55
B57: עלות רופאים | E57: =SUM(E42,E35:E38,E29:E30,E23:E25,E18,E14:E15,E12,E8:E10) -> 295955 | F57: =SUM(F42,F35:F38,F29:F30,F23:F25,F18,F14:F15,F12,F8:F10) -> 304381 | G57: =SUM(G42,G35:G38,G29:G30,G23:G25,G18,G14:G15,G12,G8:G10) -> 355759 | H57: =SUM(H42,H35:H38,H29:H30,H23:H25,H18,H14:H15,H12,H8:H10) -> 360977 | I57: =SUM(I42,I35:I38,I29:I30,I23:I25,I18,I14:I15,I12,I8:I10) -> 358392 | J57: =SUM(J42,J35:J38,J29:J30,J23:J25,J18,J14:J15,J12,J8:J10) -> 358747.78 | K57: =SUM(K42,K35:K38,K29:K30,K23:K25,K18,K14:K15,K12,K8:K10) -> 323739.49 | L57: =SUM(L42,L35:L38,L29:L30,L23:L25,L18,L14:L15,L12,L8:L10) -> 283772.45 | M57: =SUM(M42,M35:M38,M29:M30,M23:M25,M18,M14:M15,M12,M8:M10) -> 310319.97

Sheet נתוני מוצקין
A1: מספר עובד חדש | B1: מספר עובד | C1: שם משפחה | D1: שם פרטי | E1: 8.25 | F1: 9.25 | G1: 10.25 | H1: 11.25 | I1: 12.25 | J1: 1.26 | K1: 2.26 | L1: 3.26 | M1: 4.26 | N1: חודש משוער
B2: 1 | C2: ברנשטיין | D2: אביאל | E2: 2353
A3: 26 | B3: 2 | C3: זולדן | D3: מעיין | E3: 991 | F3: 1141 | G3: 1126 | H3: 930 | I3: 906 | J3: 669.86 | K3: 701.55 | L3: 1107.45 | M3: 340.56 | N3: =+L3 -> 1107.45
A4: 34 | B4: 3 | C4: טל | D4: סיון | E4: 16949 | F4: 15335 | G4: 15335 | H4: 15335 | I4: 17584 | L4: 0
A5: 42 | B5: 4 | C5: אסטרין | D5: מרינה | E5: 7007 | F5: 4604 | G5: 6697 | H5: 5810 | I5: 3288 | J5: 608.17 | K5: 1958.57 | L5: 0 | M5: 0
A6: 67 | B6: 6 | C6: רביבו | D6: שובל | E6: 5297 | F6: 5219 | G6: 6781 | H6: 5063 | I6: 5953 | J6: 1985.82 | K6: 557.18 | L6: 570.37 | M6: 557.59 | N6: =+L6 -> 570.37
A7: 75 | B7: 7 | C7: אלוש | D7: אופיר | I7: 18813 | J7: 27894.09 | K7: 13069.77 | L7: 12022.55 | M7: 12266.95 | N7: 23000
B8: 8 | C8: גרנות | D8: סתיו | H8: 0
A9: 166 | B9: 9 | C9: ירוזלמסקי | D9: יובל אודטה | E9: 6054 | F9: 6284 | G9: 5274 | H9: 0 | I9: 11333 | J9: 5787.63 | K9: 5590.68 | L9: 11671.69 | M9: 0 | N9: גמח ואין מחליף
B10: 10 | C10: הלל | D10: זיו | E10: 14949 | F10: 10496 | G10: 15968 | H10: 16105 | I10: 6682
A11: 117 | B11: 11 | C11: ביבי | D11: כרמלה | H11: 3951 | I11: 7957 | J11: 7414.7 | K11: 7927.75 | L11: 6111.74 | M11: 6184.56 | N11: =+K11 -> 7927.75
A12: 125 | B12: 12 | C12: פרץ | D12: שי | H12: 3406 | I12: 5400 | J12: 3896.52 | K12: 5783.2 | L12: 3373.54 | M12: 5599.97 | N12: =+K12 -> 5783.2
A13: 133 | B13: 13 | C13: לוי | D13: נועם | H13: 3829 | I13: 3183 | J13: 4750.66 | K13: 3978.38 | L13: 2918.39 | M13: 4365.42 | N13: 4000
A14: 141 | B14: 14 | C14: אגבאריה | D14: מגד | I14: 12780 | J14: 13573.83 | K14: 6101.08 | L14: 0 | M14: 0
A15: 158 | C15: אברמוביץ' | D15: ודים | L15: 36615.58 | M15: 31111.11 | N15: 28000
A16: 174 | C16: שלו | D16: סתיו | M16: 1806.54
E17: =SUM(E2:E14) -> 53600 | F17: =SUM(F2:F14) -> 43079 | G17: =SUM(G2:G14) -> 51181 | H17: =SUM(H2:H14) -> 54429 | I17: =SUM(I2:I14) -> 93879 | J17: =SUM(J2:J14) -> 66581.28 | K17: =SUM(K2:K14) -> 45668.16 | L17: =SUM(L2:L15) -> 74391.31 | M17: =SUM(M2:M16) -> 62232.7
B21: עלות עובדים | E21: =+E17-E22 -> 38651 | F21: =+F17-F22 -> 32583 | G21: =+G17-G22 -> 35213 | H21: =+H17-H22 -> 38324 | I21: =+I17-I22 -> 74417 | J21: =+J17-J22 -> 53007.45 | K21: =+K17-K22 -> 39567.08 | L21: =+L17-L22 -> 37775.73 | M21: =+M17-M22 -> 31121.59
B22: עלות רופאים | E22: =+E14+E10 -> 14949 | F22: =+F14+F10 -> 10496 | G22: =+G14+G10 -> 15968 | H22: =+H14+H10 -> 16105 | I22: =+I14+I10 -> 19462 | J22: =+J14+J10 -> 13573.83 | K22: =+K14+K10 -> 6101.08 | L22: =+L15+L10 -> 36615.58 | M22: =+M15+M10 -> 31111.11

Sheet סה"כ כ"ס
B1: חודש | D1: 12 | M1: חודש | R1: 11 | S1: 12 | T1: 12 | U1: 12 | V1: 1.26
A2: שם משפחה | B2: שם פרטי | C2: מחלקה | D2: עלות | J2: מס' עובד חדש | K2: מספר עובד | L2: שם משפחה | M2: שם פרטי | N2: מחלקה | O2: 8.25 | P2: 9.25 | Q2: 10.25 | R2: 11.25 | S2: 12.25 | T2: השפעת עלות תיקון 12.25 | U2: עלות בניכוי השפעת תיקון | V2: 1.26 | W2: 2.26 | X2: 3.26 | Y2: 4.26
A3: שני | B3: יונתן | C3: א.י כירורגיה ואורטופדיה | D3: 38142 | E3: אורטופדיה | F3: תת-מחלקה 1: רופאים | J3: 26 | K3: 2 | L3: פיליפס | M3: ארית | N3: זברה ש.חירום וטרינריים | O3: =VLOOKUP(K3,גליון1!$A$11:$L$323,11,FALSE) -> 35587 | P3: =VLOOKUP(K3,גליון1!$A$11:$L$323,12,FALSE) -> 41302 | Q3: =VLOOKUP(K3,'השוואה חודשית 11.25 מול 10.25'!$A$4:$D$330,4,FALSE) -> 32868 | R3: 34297 | S3: 43474 | T3: 6704.516 | U3: 36769.484 | V3: 34927.07 | W3: =VLOOKUP(J3,'[7]02.26 מעודכן'!$B$2:$N$144,13,FALSE) -> 36323.76 | X3: 38852.43 | Y3: 42530.35
A4: סגל | B4: אורי | C4: א.י כירורגיה ואורטופדיה | D4: 41484 | F4: 4 | G4: שני | H4: יונתן | J4: 34 | K4: 3 | L4: נפתלי | M4: לישר חוה | N4: זברה ש.חירום וטרינריים | O4: =VLOOKUP(K4,גליון1!$A$11:$L$323,11,FALSE) -> 39476 | P4: =VLOOKUP(K4,גליון1!$A$11:$L$323,12,FALSE) -> 44610 | Q4: =VLOOKUP(K4,'השוואה חודשית 11.25 מול 10.25'!$A$4:$D$330,4,FALSE) -> 25054 | R4: 39501 | S4: 51419 | T4: 11657.826 | U4: 39761.174 | V4: 38372.66 | W4: =VLOOKUP(J4,'[7]02.26 מעודכן'!$B$2:$N$144,13,FALSE) -> 36231.07 | X4: 35761.82 | Y4: 41270.06
A5: קריספין | B5: רועי | C5: א.י כירורגיה ואורטופדיה | D5: 20834 | F5: 5 | G5: סגל | H5: אורי | J5: 75 | K5: 7 | L5: בנקירר רגב | M5: טל | N5: זברה ש.חירום וטרינריים | O5: =VLOOKUP(K5,גליון1!$A$11:$L$323,11,FALSE) -> 24411 | P5: =VLOOKUP(K5,גליון1!$A$11:$L$323,12,FALSE) -> 32909 | Q5: =VLOOKUP(K5,'השוואה חודשית 11.25 מול 10.25'!$A$4:$D$330,4,FALSE) -> 28178 | R5: 31033 | S5: 33023 | T5: 9759.521 | U5: 23263.479 | V5: 25936.48 | W5: =VLOOKUP(J5,'[7]02.26 מעודכן'!$B$2:$N$144,13,FALSE) -> 22768.91 | X5: 23922.68 | Y5: 25292.88
A6: נחמה | B6: גוני | C6: א.י כירורגיה ואורטופדיה | D6: 328 | F6: 54 | G6: עתאמנה | H6: ראיה | J6: 166 | K6: 16 | L6: גורביץ | M6: בלה | N6: זברה ש.חירום וטרינריים | O6: =VLOOKUP(K6,גליון1!$A$11:$L$323,11,FALSE) -> 4718 | P6: =VLOOKUP(K6,גליון1!$A$11:$L$323,12,FALSE) -> 7413 | Q6: =VLOOKUP(K6,'השוואה חודשית 11.25 מול 10.25'!$A$4:$D$330,4,FALSE) -> 15306 | R6: 22267 | S6: 24584 | T6: 3073.0208 | U6: 21510.979 | V6: 21804.38 | W6: =VLOOKUP(J6,'[7]02.26 מעודכן'!$B$2:$N$144,13,FALSE) -> 20598.36 | X6: 22552.82 | Y6: 24859.8
A7: חרפק | B7: שחר | C7: א.י כירורגיה ואורטופדיה | D7: 22348 | F7: 61 | G7: ברגר | H7: חן | J7: 208 | K7: 20 | L7: עובד סלע | M7: שרי | N7: זברה ש.חירום וטרינריים | O7: =VLOOKUP(K7,גליון1!$A$11:$L$323,11,FALSE) -> 20634 | P7: =VLOOKUP(K7,גליון1!$A$11:$L$323,12,FALSE) -> 29273 | Q7: =VLOOKUP(K7,'השוואה חודשית 11.25 מול 10.25'!$A$4:$D$330,4,FALSE) -> 22138 | R7: 22621 | S7: 67080 | T7: 6835.9364 | U7: 60244.064 | W7: =VLOOKUP(J7,'[7]02.26 מעודכן'!$B$2:$N$144,13,FALSE) -> 0 | X7: 0 | Y7: 0
A8: זלוטניק | B8: ליאור | C8: א.י כירורגיה ואורטופדיה | D8: 14556 | J8: 307 | K8: 30 | L8: כץ סמיט | M8: נעמה | N8: זברה ש.חירום וטרינריים | O8: =VLOOKUP(K8,גליון1!$A$11:$L$323,11,FALSE) -> 13752 | P8: =VLOOKUP(K8,גליון1!$A$11:$L$323,12,FALSE) -> 22913 | Q8: =VLOOKUP(K8,'השוואה חודשית 11.25 מול 10.25'!$A$4:$D$330,4,FALSE) -> 18151 | R8: 19367 | S8: 18443 | U8: 18443 | V8: 19358.63 | W8: =VLOOKUP(J8,'[7]02.26 מעודכן'!$B$2:$N$144,13,FALSE) -> 16845.1 | X8: 13400.41 | Y8: 20698.61
A9: אברהמי | B9: דנה | C9: א.י כירורגיה ואורטופדיה | D9: 2917 | J9: 497 | K9: 49 | L9: פוזנר | M9: דניאל | N9: זברה ש.חירום וטרינריים | O9: =VLOOKUP(K9,גליון1!$A$11:$L$323,11,FALSE) -> 18492 | P9: =VLOOKUP(K9,גליון1!$A$11:$L$323,12,FALSE) -> 21003 | Q9: =VLOOKUP(K9,'השוואה חודשית 11.25 מול 10.25'!$A$4:$D$330,4,FALSE) -> 19763 | R9: 20380 | S9: 20427 | T9: 328.84761 | U9: 20098.152 | V9: 21599.98 | W9: =VLOOKUP(J9,'[7]02.26 מעודכן'!$B$2:$N$144,13,FALSE) -> 22919.93 | X9: 22272.21 | Y9: 21140.21
A10: נובק | B10: אנסטסיה | C10: א.י כירורגיה ואורטופדיה | D10: 13400 | J10: 521 | K10: 52 | L10: רסקין רמניוק | M10: אודט | N10: זברה ש.חירום וטרינריים | O10: =VLOOKUP(K10,גליון1!$A$11:$L$323,11,FALSE) -> 17258 | P10: =VLOOKUP(K10,גליון1!$A$11:$L$323,12,FALSE) -> 22501 | Q10: =VLOOKUP(K10,'השוואה חודשית 11.25 מול 10.25'!$A$4:$D$330,4,FALSE) -> 18269 | R10: 15819 | S10: 13952 | U10: 13952 | V10: 19211.59 | W10: =VLOOKUP(J10,'[7]02.26 מעודכן'!$B$2:$N$144,13,FALSE) -> 15457.65 | X10: 7388.3 | Y10: 11060.55
A11: אברהמי פורן | B11: תום סימה | C11: א.י כירורגיה ואורטופדיה | D11: 6936 | J11: 0 | K11: 56 | L11: אשר | M11: עומרי | N11: =VLOOKUP(L11,$A$3:$C$126,3,FALSE) -> #N/A | O11: =VLOOKUP(K11,גליון1!$A$11:$L$323,11,FALSE) -> 0 | P11: =VLOOKUP(K11,גליון1!$A$11:$L$323,12,FALSE) -> 0 | Q11: =VLOOKUP(K11,'השוואה חודשית 11.25 מול 10.25'!$A$4:$D$330,4,FALSE) -> 0 | R11: 0 | S11: 0 | U11: 0
A12: אמיר | B12: מיכל | C12: א.י כירורגיה ואורטופדיה | D12: 3348 | J12: 0 | K12: 58 | L12: ניימן | M12: אביטל תמר | N12: =VLOOKUP(L12,$A$3:$C$126,3,FALSE) -> #N/A | O12: =VLOOKUP(K12,גליון1!$A$11:$L$323,11,FALSE) -> 0 | P12: =VLOOKUP(K12,גליון1!$A$11:$L$323,12,FALSE) -> 0 | Q12: =VLOOKUP(K12,'השוואה חודשית 11.25 מול 10.25'!$A$4:$D$330,4,FALSE) -> 0 | R12: 0 | S12: 0 | U12: 0
A13: גלרון | B13: נועה | C13: א.י כירורגיה ואורטופדיה | D13: 12548 | J13: 596 | K13: 59 | L13: דונאיביץ | M13: אסיה | N13: זברה ש.חירום וטרינריים | O13: =VLOOKUP(K13,גליון1!$A$11:$L$323,11,FALSE) -> 31041 | P13: =VLOOKUP(K13,גליון1!$A$11:$L$323,12,FALSE) -> 28201 | Q13: =VLOOKUP(K13,'השוואה חודשית 11.25 מול 10.25'!$A$4:$D$330,4,FALSE) -> 42183 | R13: 25192 | S13: 59187 | U13: 59187 | V13: 35820.81 | W13: =VLOOKUP(J13,'[7]02.26 מעודכן'!$B$2:$N$144,13,FALSE) -> 40424.77 | X13: 34043.8 | Y13: 32166.1
A14: עווידה | B14: אלאא | C14: א.י כירורגיה ואורטופדיה | D14: 1926 | J14: 786 | K14: 78 | L14: שמעוני | M14: מאי | N14: זברה ש.חירום וטרינריים | O14: =VLOOKUP(K14,גליון1!$A$11:$L$323,11,FALSE) -> 15792 | P14: =VLOOKUP(K14,גליון1!$A$11:$L$323,12,FALSE) -> 21992 | Q14: =VLOOKUP(K14,'השוואה חודשית 11.25 מול 10.25'!$A$4:$D$330,4,FALSE) -> 25606 | R14: 16185 | S14: 18964 | U14: 18964 | V14: 23025.25 | W14: =VLOOKUP(J14,'[7]02.26 מעודכן'!$B$2:$N$144,13,FALSE) -> 20292.4 | X14: 19877.36 | Y14: 20202.33
A15: ברדה | B15: מישל | C15: א.י כירורגיה ואורטופדיה | D15: 12070 | J15: 810 | K15: 81 | L15: גליק | M15: שיר | N15: זברה ש.חירום וטרינריים | O15: =VLOOKUP(K15,גליון1!$A$11:$L$323,11,FALSE) -> 0 | P15: =VLOOKUP(K15,גליון1!$A$11:$L$323,12,FALSE) -> 0 | Q15: =VLOOKUP(K15,'השוואה חודשית 11.25 מול 10.25'!$A$4:$D$330,4,FALSE) -> 0 | R15: 8416 | S15: 10041 | U15: 10041 | V15: 10994.6 | W15: =VLOOKUP(J15,'[7]02.26 מעודכן'!$B$2:$N$144,13,FALSE) -> 5701.71 | X15: 6253.87 | Y15: 7646.47
A16: לחאם | B16: גואד | C16: א.י כירורגיה ואורטופדיה | D16: 12479 | J16: 0 | K16: 82 | L16: זינדני | M16: שני | N16: זברה ש.חירום וטרינריים | O16: =VLOOKUP(K16,גליון1!$A$11:$L$323,11,FALSE) -> 0 | P16: =VLOOKUP(K16,גליון1!$A$11:$L$323,12,FALSE) -> 0 | Q16: =VLOOKUP(K16,'השוואה חודשית 11.25 מול 10.25'!$A$4:$D$330,4,FALSE) -> 15161 | R16: 0 | S16: 0 | U16: 0
A17: לרון | B17: יעל | C17: א.י כירורגיה ואורטופדיה | D17: 9755 | J17: 836 | K17: 83 | L17: אריאלי | M17: נועם | N17: זברה ש.חירום וטרינריים | O17: =VLOOKUP(K17,גליון1!$A$11:$L$323,11,FALSE) -> 19870 | P17: =VLOOKUP(K17,גליון1!$A$11:$L$323,12,FALSE) -> 19616 | Q17: =VLOOKUP(K17,'השוואה חודשית 11.25 מול 10.25'!$A$4:$D$330,4,FALSE) -> 16646 | R17: 19081 | S17: 19232 | U17: 19232 | V17: 18349.76 | W17: =VLOOKUP(J17,'[7]02.26 מעודכן'!$B$2:$N$144,13,FALSE) -> 16871.8 | X17: 15772.93 | Y17: 20017.71
A18: אופנהיים | B18: שי | C18: א.י כירורגיה ואורטופדיה | D18: 6259 | J18: 901 | K18: 90 | L18: דוידוביץ | M18: לירון | N18: זברה ש.חירום וטרינריים | O18: =VLOOKUP(K18,גליון1!$A$11:$L$323,11,FALSE) -> 25367 | P18: =VLOOKUP(K18,גליון1!$A$11:$L$323,12,FALSE) -> 22276 | Q18: =VLOOKUP(K18,'השוואה חודשית 11.25 מול 10.25'!$A$4:$D$330,4,FALSE) -> 20286 | R18: 21494 | S18: 24749 | U18: 24749 | V18: 25485.72 | W18: =VLOOKUP(J18,'[7]02.26 מעודכן'!$B$2:$N$144,13,FALSE) -> 25265.58 | X18: 21094.4 | Y18: 24466.25
A19: שמעונוביץ | B19: קרן | C19: א.י כירורגיה ואורטופדיה | D19: 3138 | J19: 1214 | K19: 121 | L19: הלון | M19: רימא | N19: זברה ש.חירום וטרינריים | O19: =VLOOKUP(K19,גליון1!$A$11:$L$323,11,FALSE) -> 12656 | P19: =VLOOKUP(K19,גליון1!$A$11:$L$323,12,FALSE) -> 12687 | Q19: =VLOOKUP(K19,'השוואה חודשית 11.25 מול 10.25'!$A$4:$D$330,4,FALSE) -> 17506 | R19: 12366 | S19: 12624 | U19: 12624 | V19: 12650.48 | W19: =VLOOKUP(J19,'[7]02.26 מעודכן'!$B$2:$N$144,13,FALSE) -> 2328.72 | X19: 23.98 | Y19: 0
A20: בכור | B20: טל | C20: וטנוירו | D20: 17555 | E20: נוירו | F20: תת-מחלקה 2: רופאים | J20: 0 | K20: 122 | L20: מונדרוס | M20: אלה | N20: =VLOOKUP(L20,$A$3:$C$126,3,FALSE) -> #N/A | O20: =VLOOKUP(K20,גליון1!$A$11:$L$323,11,FALSE) -> 0 | P20: =VLOOKUP(K20,גליון1!$A$11:$L$323,12,FALSE) -> 0 | Q20: =VLOOKUP(K20,'השוואה חודשית 11.25 מול 10.25'!$A$4:$D$330,4,FALSE) -> 0 | R20: 0 | S20: 0 | U20: 0
A21: שקד | B21: צילה | C21: וטנוירו | D21: 21759 | F21: 8 | G21: סרוגו | H21: איתי | J21: 0 | K21: 126 | L21: דוד | M21: מיכל | N21: =VLOOKUP(L21,$A$3:$C$126,3,FALSE) -> #N/A | O21: =VLOOKUP(K21,גליון1!$A$11:$L$323,11,FALSE) -> 0 | P21: =VLOOKUP(K21,גליון1!$A$11:$L$323,12,FALSE) -> 0 | Q21: =VLOOKUP(K21,'השוואה חודשית 11.25 מול 10.25'!$A$4:$D$330,4,FALSE) -> 0 | R21: 0 | S21: 0 | U21: 0
A22: קטלן | B22: מורן | C22: וטנוירו | D22: 15170 | F22: 9 | G22: ברנון | H22: איתי | J22: 1271 | K22: 127 | L22: ינאי | M22: מיכל | N22: זברה ש.חירום וטרינריים | O22: =VLOOKUP(K22,גליון1!$A$11:$L$323,11,FALSE) -> 10660 | P22: =VLOOKUP(K22,גליון1!$A$11:$L$323,12,FALSE) -> 14532 | Q22: =VLOOKUP(K22,'השוואה חודשית 11.25 מול 10.25'!$A$4:$D$330,4,FALSE) -> 4290 | R22: 20026 | S22: 38724 | U22: 38724 | V22: 39209.89 | W22: =VLOOKUP(J22,'[7]02.26 מעודכן'!$B$2:$N$144,13,FALSE) -> 39467.93 | X22: 39200.48 | Y22: 41512.33
A23: אנגל | B23: מעיין | C23: וטנוירו | D23: 11822 | F23: 35 | G23: לאמי קסוי | H23: ירדן | J23: 1305 | K23: 130 | L23: כהן | M23: קרן בת ציון | N23: זברה ש.חירום וטרינריים | O23: =VLOOKUP(K23,גליון1!$A$11:$L$323,11,FALSE) -> 27834 | P23: =VLOOKUP(K23,גליון1!$A$11:$L$323,12,FALSE) -> 27577 | Q23: =VLOOKUP(K23,'השוואה חודשית 11.25 מול 10.25'!$A$4:$D$330,4,FALSE) -> 23663 | R23: 24930 | S23: 26342 | U23: 26342 | V23: 22745.51 | W23: =VLOOKUP(J23,'[7]02.26 מעודכן'!$B$2:$N$144,13,FALSE) -> 23109.39 | X23: 23733.09 | Y23: 32573.06
A24: אשרוב | B24: שחף | C24: וטנוירו | D24: 13188 | F24: 51 | G24: הזנפרץ | H24: מיכל | J24: 0 | K24: 136 | L24: אנגלר | M24: לימור | N24: =VLOOKUP(L24,$A$3:$C$126,3,FALSE) -> #N/A | O24: =VLOOKUP(K24,גליון1!$A$11:$L$323,11,FALSE) -> 0 | P24: =VLOOKUP(K24,גליון1!$A$11:$L$323,12,FALSE) -> 0 | Q24: =VLOOKUP(K24,'השוואה חודשית 11.25 מול 10.25'!$A$4:$D$330,4,FALSE) -> 0 | R24: 0 | S24: 0 | U24: 0
A25: פודלאס | B25: ליבי | C25: וטנוירו | D25: 6757 | F25: 125 | G25: בן חיים | H25: ניר | J25: 1388 | K25: 138 | L25: שפירא | M25: נדב | N25: זברה ש.חירום וטרינריים | O25: =VLOOKUP(K25,גליון1!$A$11:$L$323,11,FALSE) -> 22019 | P25: =VLOOKUP(K25,גליון1!$A$11:$L$323,12,FALSE) -> 20529 | Q25: =VLOOKUP(K25,'השוואה חודשית 11.25 מול 10.25'!$A$4:$D$330,4,FALSE) -> 19136 | R25: 21858 | S25: 22624 | U25: 22624 | V25: 27638.77 | W25: =VLOOKUP(J25,'[7]02.26 מעודכן'!$B$2:$N$144,13,FALSE) -> 16589.85 | X25: 12808.69 | Y25: 20306.15
A26: פאליק | B26: ליהי | C26: וטנוירו | D26: 3363 | J26: 1438 | K26: 143 | L26: בן נתן | M26: מלי | N26: זברה ש.חירום וטרינריים | O26: =VLOOKUP(K26,גליון1!$A$11:$L$323,11,FALSE) -> 24081 | P26: =VLOOKUP(K26,גליון1!$A$11:$L$323,12,FALSE) -> 15612 | Q26: =VLOOKUP(K26,'השוואה חודשית 11.25 מול 10.25'!$A$4:$D$330,4,FALSE) -> 17437 | R26: 9406 | S26: 10364 | T26: 889.98 | U26: 9474.02 | V26: 9686.09 | W26: =VLOOKUP(J26,'[7]02.26 מעודכן'!$B$2:$N$144,13,FALSE) -> 8608.26 | X26: 20955.98 | Y26: 40666.25
A27: לואזו קמצ'ו | B27: טיפני | C27: וטנוירו | D27: 4347 | J27: 1453 | K27: 145 | L27: גרוס וולק | M27: מאיה | N27: זברה ש.חירום וטרינריים | O27: =VLOOKUP(K27,גליון1!$A$11:$L$323,11,FALSE) -> 11294 | P27: =VLOOKUP(K27,גליון1!$A$11:$L$323,12,FALSE) -> 13208 | Q27: =VLOOKUP(K27,'השוואה חודשית 11.25 מול 10.25'!$A$4:$D$330,4,FALSE) -> 9422 | R27: 14229 | S27: 9477 | U27: 9477 | V27: 15173.43 | W27: =VLOOKUP(J27,'[7]02.26 מעודכן'!$B$2:$N$144,13,FALSE) -> 11569.48 | X27: 12201.61 | Y27: 17514.22
A28: סרוגו | B28: איתי | C28: וטנוירו | D28: 6648 | J28: 1701 | K28: 170 | L28: אוריאל | M28: לי | N28: זברה ש.חירום וטרינריים | O28: =VLOOKUP(K28,גליון1!$A$11:$L$323,11,FALSE) -> 12688 | P28: =VLOOKUP(K28,גליון1!$A$11:$L$323,12,FALSE) -> 12557 | Q28: =VLOOKUP(K28,'השוואה חודשית 11.25 מול 10.25'!$A$4:$D$330,4,FALSE) -> 13603 | R28: 12495 | S28: 12785 | U28: 12785 | V28: 12650.48 | W28: =VLOOKUP(J28,'[7]02.26 מעודכן'!$B$2:$N$144,13,FALSE) -> 12618.1 | X28: 21050.66 | Y28: 27194.8
A29: ברנון | B29: איתי | C29: וטנוירו | D29: 38632 | J29: 0 | K29: 171 | L29: רוהטן | M29: נופר | N29: זברה ש.חירום וטרינריים | O29: =VLOOKUP(K29,גליון1!$A$11:$L$323,11,FALSE) -> 12753 | P29: =VLOOKUP(K29,גליון1!$A$11:$L$323,12,FALSE) -> 12461 | Q29: =VLOOKUP(K29,'השוואה חודשית 11.25 מול 10.25'!$A$4:$D$330,4,FALSE) -> 15577 | R29: 0 | S29: 0 | U29: 0
A30: לאמי קסוי | B30: ירדן | C30: וטנוירו | D30: 11818 | J30: 1727 | K30: 172 | L30: אוריאל | M30: עמרי רון | N30: זברה ש.חירום וטרינריים | O30: =VLOOKUP(K30,גליון1!$A$11:$L$323,11,FALSE) -> 12656 | P30: =VLOOKUP(K30,גליון1!$A$11:$L$323,12,FALSE) -> 12654 | Q30: =VLOOKUP(K30,'השוואה חודשית 11.25 מול 10.25'!$A$4:$D$330,4,FALSE) -> 13635 | R30: 12656 | S30: 12592 | U30: 12592 | V30: 12715.24 | W30: =VLOOKUP(J30,'[7]02.26 מעודכן'!$B$2:$N$144,13,FALSE) -> 12618.1 | X30: 20388.4 | Y30: 23319.18
A31: עבד אל קאדר | B31: נדים | C31: וטנוירו | D31: 12592 | J31: 1735 | K31: 173 | L31: אפרים | M31: ליהי | N31: זברה ש.חירום וטרינריים | O31: =VLOOKUP(K31,גליון1!$A$11:$L$323,11,FALSE) -> 12462 | P31: =VLOOKUP(K31,גליון1!$A$11:$L$323,12,FALSE) -> 12719 | Q31: =VLOOKUP(K31,'השוואה חודשית 11.25 מול 10.25'!$A$4:$D$330,4,FALSE) -> 13764 | R31: 12559 | S31: 12656 | U31: 12656 | V31: 12553.34 | W31: =VLOOKUP(J31,'[7]02.26 מעודכן'!$B$2:$N$144,13,FALSE) -> 12618.1 | X31: 22248.92 | Y31: 24533.01
A32: בן חיים | B32: ניר | C32: וטנוירו | D32: 34928 | J32: 1743 | K32: 174 | L32: מלכיאלי | M32: יובל | N32: זברה ש.חירום וטרינריים | O32: =VLOOKUP(K32,גליון1!$A$11:$L$323,11,FALSE) -> 12559 | P32: =VLOOKUP(K32,גליון1!$A$11:$L$323,12,FALSE) -> 12557 | Q32: =VLOOKUP(K32,'השוואה חודשית 11.25 מול 10.25'!$A$4:$D$330,4,FALSE) -> 12721 | R32: 12688 | S32: 12559 | U32: 12559 | V32: 12715.24 | W32: =VLOOKUP(J32,'[7]02.26 מעודכן'!$B$2:$N$144,13,FALSE) -> 12650.48 | X32: 22632.89 | Y32: 26359.13
A33: פיליפס | B33: ארית | C33: זברה ש.חירום וטרינריים | D33: 43474 | E33: חירום | F33: תת-מחלקה 1: רופאים | J33: 1750 | K33: 175 | L33: חן | M33: מאי | N33: זברה ש.חירום וטרינריים | O33: =VLOOKUP(K33,גליון1!$A$11:$L$323,11,FALSE) -> 12753 | P33: =VLOOKUP(K33,גליון1!$A$11:$L$323,12,FALSE) -> 12687 | Q33: =VLOOKUP(K33,'השוואה חודשית 11.25 מול 10.25'!$A$4:$D$330,4,FALSE) -> 12527 | R33: 12688 | S33: 12688 | U33: 12688 | V33: 12650.48 | W33: =VLOOKUP(J33,'[7]02.26 מעודכן'!$B$2:$N$144,13,FALSE) -> 12489.58 | X33: 20936.08 | Y33: 19690.24
A34: נפתלי | B34: לישר חוה | C34: זברה ש.חירום וטרינריים | D34: 51419 | F34: 2 | G34: פיליפס | H34: ארית | J34: 0 | K34: 180 | L34: גל | M34: דורן | N34: זברה ש.חירום וטרינריים | O34: =VLOOKUP(K34,גליון1!$A$11:$L$323,11,FALSE) -> 16917 | P34: =VLOOKUP(K34,גליון1!$A$11:$L$323,12,FALSE) -> 12495 | Q34: =VLOOKUP(K34,'השוואה חודשית 11.25 מול 10.25'!$A$4:$D$330,4,FALSE) -> 8746 | R34: 0 | S34: 0 | U34: 0
A35: בנקירר רגב | B35: טל | C35: זברה ש.חירום וטרינריים | D35: 33023 | F35: 3 | G35: נפתלי | H35: לישר חוה | J35: 0 | K35: 14 | L35: קרני | M35: אפרת | N35: זברה ש.חירום וטרינריים | O35: =VLOOKUP(K35,גליון1!$A$11:$L$323,11,FALSE) -> 11821 | P35: =VLOOKUP(K35,גליון1!$A$11:$L$323,12,FALSE) -> 0 | Q35: =VLOOKUP(K35,'השוואה חודשית 11.25 מול 10.25'!$A$4:$D$330,4,FALSE) -> 0 | R35: 0 | S35: 0 | U35: 0
A36: גורביץ | B36: בלה | C36: זברה ש.חירום וטרינריים | D36: 24584 | F36: 7 | G36: בנקירר רגב | H36: טל | J36: 232 | K36: 23 | L36: סירוטה | M36: גאולה | N36: זברה ש.חירום וטרינריים | O36: =VLOOKUP(K36,גליון1!$A$11:$L$323,11,FALSE) -> 21276 | P36: =VLOOKUP(K36,גליון1!$A$11:$L$323,12,FALSE) -> 20013 | Q36: =VLOOKUP(K36,'השוואה חודשית 11.25 מול 10.25'!$A$4:$D$330,4,FALSE) -> 26440 | R36: 20211 | S36: 28145 | T36: 6956.0595 | U36: 21188.94 | V36: 24697.69 | W36: =VLOOKUP(J36,'[7]02.26 מעודכן'!$B$2:$N$144,13,FALSE) -> 22673 | X36: 19734.32 | Y36: 24759.44
A37: עובד סלע | B37: שרי | C37: זברה ש.חירום וטרינריים | D37: 67080 | F37: 16 | G37: גורביץ | H37: בלה | J37: 281 | K37: 28 | L37: ביטון | M37: אבי | N37: זברה ש.חירום וטרינריים | O37: =VLOOKUP(K37,גליון1!$A$11:$L$323,11,FALSE) -> 24100 | P37: =VLOOKUP(K37,גליון1!$A$11:$L$323,12,FALSE) -> 20046 | Q37: =VLOOKUP(K37,'השוואה חודשית 11.25 מול 10.25'!$A$4:$D$330,4,FALSE) -> 24007 | R37: 19481 | S37: 19998 | U37: 19998 | V37: 23092.95 | W37: =VLOOKUP(J37,'[7]02.26 מעודכן'!$B$2:$N$144,13,FALSE) -> 17562.42 | X37: 18558.45 | Y37: 20139.95
A38: כץ סמיט | B38: נעמה | C38: זברה ש.חירום וטרינריים | D38: 18443 | F38: 20 | G38: עובד סלע | H38: שרי | J38: 331 | K38: 33 | L38: צסקי | M38: בת אל | N38: זברה ש.חירום וטרינריים | O38: =VLOOKUP(K38,גליון1!$A$11:$L$323,11,FALSE) -> 8627 | P38: =VLOOKUP(K38,גליון1!$A$11:$L$323,12,FALSE) -> 7715 | Q38: =VLOOKUP(K38,'השוואה חודשית 11.25 מול 10.25'!$A$4:$D$330,4,FALSE) -> 10245 | R38: 6520 | S38: 7289 | T38: 1738.1774 | U38: 5550.8226 | V38: 3174.21 | W38: =VLOOKUP(J38,'[7]02.26 מעודכן'!$B$2:$N$144,13,FALSE) -> 3703.8 | X38: 10022.7 | Y38: 1815.91
A39: פוזנר | B39: דניאל | C39: זברה ש.חירום וטרינריים | D39: 20427 | F39: 24 | G39: ליפשיץ | H39: דלאל | J39: 0 | K39: 34 | L39: יובל | M39: מיתר | N39: =VLOOKUP(L39,$A$3:$C$126,3,FALSE) -> #N/A | O39: =VLOOKUP(K39,גליון1!$A$11:$L$323,11,FALSE) -> 0 | P39: =VLOOKUP(K39,גליון1!$A$11:$L$323,12,FALSE) -> 0 | Q39: =VLOOKUP(K39,'השוואה חודשית 11.25 מול 10.25'!$A$4:$D$330,4,FALSE) -> 0 | R39: 0 | S39: 0 | U39: 0
A40: רסקין רמניוק | B40: אודט | C40: זברה ש.חירום וטרינריים | D40: 13952 | F40: 30 | G40: כץ | H40: נעמה | J40: 364 | K40: 36 | L40: רז שלמה | M40: הדר | N40: זברה ש.חירום וטרינריים | O40: =VLOOKUP(K40,גליון1!$A$11:$L$323,11,FALSE) -> 6863 | P40: =VLOOKUP(K40,גליון1!$A$11:$L$323,12,FALSE) -> 7930 | Q40: =VLOOKUP(K40,'השוואה חודשית 11.25 מול 10.25'!$A$4:$D$330,4,FALSE) -> 10964 | R40: 7887 | S40: 8395 | T40: 909.2629 | U40: 7485.7371 | V40: 7925.51 | W40: =VLOOKUP(J40,'[7]02.26 מעודכן'!$B$2:$N$144,13,FALSE) -> 7677.62 | X40: 14.63 | Y40: 1764.09
A41: דונאיביץ | B41: אסיה | C41: זברה ש.חירום וטרינריים | D41: 59187 | F41: 38 | G41: גרנות | H41: ליאור | J41: 398 | K41: 39 | L41: שרון | M41: מיה | N41: זברה ש.חירום וטרינריים | O41: =VLOOKUP(K41,גליון1!$A$11:$L$323,11,FALSE) -> 8218 | P41: =VLOOKUP(K41,גליון1!$A$11:$L$323,12,FALSE) -> 9975 | Q41: =VLOOKUP(K41,'השוואה חודשית 11.25 מול 10.25'!$A$4:$D$330,4,FALSE) -> 21394 | R41: 10385 | S41: 22118 | T41: 3630.6758 | U41: 18487.324 | V41: 18895.13 | W41: =VLOOKUP(J41,'[7]02.26 מעודכן'!$B$2:$N$144,13,FALSE) -> 18468.55 | X41: 18776.69 | Y41: 19754.75
A42: שמעוני | B42: מאי | C42: זברה ש.חירום וטרינריים | D42: 18964 | F42: 49 | G42: פוזנר | H42: דניאל | J42: 430 | K42: 43 | L42: נחמיאס | M42: אלונה | N42: זברה ש.חירום וטרינריים | O42: =VLOOKUP(K42,גליון1!$A$11:$L$323,11,FALSE) -> 8031 | P42: =VLOOKUP(K42,גליון1!$A$11:$L$323,12,FALSE) -> 14254 | Q42: =VLOOKUP(K42,'השוואה חודשית 11.25 מול 10.25'!$A$4:$D$330,4,FALSE) -> 28453 | R42: 9840 | S42: 4439 | T42: 334.995 | U42: 4104.005 | V42: 3133.99 | W42: =VLOOKUP(J42,'[7]02.26 מעודכן'!$B$2:$N$144,13,FALSE) -> 2104.22 | X42: 3163.74 | Y42: 22457.05
A43: גליק | B43: שיר | C43: זברה ש.חירום וטרינריים | D43: 10041 | F43: 52 | G43: רסקין רמניוק | H43: אודט | J43: 489 | K43: 48 | L43: חאסקיה | M43: מרח | N43: זברה ש.חירום וטרינריים | O43: =VLOOKUP(K43,גליון1!$A$11:$L$323,11,FALSE) -> 11284 | P43: =VLOOKUP(K43,גליון1!$A$11:$L$323,12,FALSE) -> 12843 | Q43: =VLOOKUP(K43,'השוואה חודשית 11.25 מול 10.25'!$A$4:$D$330,4,FALSE) -> 16153 | R43: 12562 | S43: 12645 | T43: 747.5832 | U43: 11897.417 | V43: 9762.99 | W43: =VLOOKUP(J43,'[7]02.26 מעודכן'!$B$2:$N$144,13,FALSE) -> 9081.98 | X43: 9706.5 | Y43: 13886.9
A44: אריאלי | B44: נועם | C44: זברה ש.חירום וטרינריים | D44: 19232 | F44: 56 | G44: אשר | H44: עומרי | J44: 604 | K44: 60 | L44: אחינעם | M44: גל | N44: זברה ש.חירום וטרינריים | O44: =VLOOKUP(K44,גליון1!$A$11:$L$323,11,FALSE) -> 15415 | P44: =VLOOKUP(K44,גליון1!$A$11:$L$323,12,FALSE) -> 13709 | Q44: =VLOOKUP(K44,'השוואה חודשית 11.25 מול 10.25'!$A$4:$D$330,4,FALSE) -> 19728 | R44: 9129 | S44: 14524 | U44: 14524 | V44: 10906.64 | W44: =VLOOKUP(J44,'[7]02.26 מעודכן'!$B$2:$N$144,13,FALSE) -> 11249.65 | X44: 7401.12 | Y44: 8643.1
A45: דוידוביץ | B45: לירון | C45: זברה ש.חירום וטרינריים | D45: 24749 | F45: 58 | G45: ניימן | H45: אביטל תמר | J45: 638 | K45: 63 | L45: בבא | M45: גל | N45: זברה ש.חירום וטרינריים | O45: =VLOOKUP(K45,גליון1!$A$11:$L$323,11,FALSE) -> 18401 | P45: =VLOOKUP(K45,גליון1!$A$11:$L$323,12,FALSE) -> 17836 | Q45: =VLOOKUP(K45,'השוואה חודשית 11.25 מול 10.25'!$A$4:$D$330,4,FALSE) -> 18953 | R45: 18144 | S45: 19006 | T45: 2009.97 | U45: 16996.03 | V45: 14388.98 | W45: =VLOOKUP(J45,'[7]02.26 מעודכן'!$B$2:$N$144,13,FALSE) -> 17449.5 | X45: 18423.72 | Y45: 19155.19
A46: הלון | B46: רימא | C46: זברה ש.חירום וטרינריים | D46: 12624 | F46: 59 | G46: דונאיביץ | H46: אסיה | J46: 687 | K46: 68 | L46: שבו | M46: משה | N46: זברה ש.חירום וטרינריים | O46: =VLOOKUP(K46,גליון1!$A$11:$L$323,11,FALSE) -> 14955 | P46: =VLOOKUP(K46,גליון1!$A$11:$L$323,12,FALSE) -> 13289 | Q46: =VLOOKUP(K46,'השוואה חודשית 11.25 מול 10.25'!$A$4:$D$330,4,FALSE) -> 18496 | R46: 14909 | S46: 16779 | U46: 16779 | V46: 17953.35 | W46: =VLOOKUP(J46,'[7]02.26 מעודכן'!$B$2:$N$144,13,FALSE) -> 18766.78 | X46: 18297.88 | Y46: 20241.47
A47: ינאי | B47: מיכל | C47: זברה ש.חירום וטרינריים | D47: 38724 | F47: 66 | G47: הרשקוביץ | H47: טל | J47: 729 | K47: 72 | L47: שטיין | M47: שיר | N47: זברה ש.חירום וטרינריים | O47: =VLOOKUP(K47,גליון1!$A$11:$L$323,11,FALSE) -> 6448 | P47: =VLOOKUP(K47,גליון1!$A$11:$L$323,12,FALSE) -> 11778 | Q47: =VLOOKUP(K47,'השוואה חודשית 11.25 מול 10.25'!$A$4:$D$330,4,FALSE) -> 11938 | R47: 3138 | S47: 6531 | U47: 6531 | V47: 12144.91 | W47: =VLOOKUP(J47,'[7]02.26 מעודכן'!$B$2:$N$144,13,FALSE) -> 9942.04 | X47: 8910.71 | Y47: 11043.29
A48: כהן | B48: קרן בת ציון | C48: זברה ש.חירום וטרינריים | D48: 26342 | F48: 78 | G48: שמעוני | H48: מאי | J48: 0 | K48: 73 | L48: חרס | M48: ליאור | N48: זברה ש.חירום וטרינריים | O48: =VLOOKUP(K48,גליון1!$A$11:$L$323,11,FALSE) -> 7443 | P48: =VLOOKUP(K48,גליון1!$A$11:$L$323,12,FALSE) -> 6676 | Q48: =VLOOKUP(K48,'השוואה חודשית 11.25 מול 10.25'!$A$4:$D$330,4,FALSE) -> 8150 | R48: 0 | S48: 0 | U48: 0
A49: שפירא | B49: נדב | C49: זברה ש.חירום וטרינריים | D49: 22624 | F49: 81 | G49: גליק | H49: שיר | J49: 760 | K49: 76 | L49: לוי מנג'ם | M49: הדס | N49: זברה ש.חירום וטרינריים | O49: =VLOOKUP(K49,גליון1!$A$11:$L$323,11,FALSE) -> 8006 | P49: =VLOOKUP(K49,גליון1!$A$11:$L$323,12,FALSE) -> 5467 | Q49: =VLOOKUP(K49,'השוואה חודשית 11.25 מול 10.25'!$A$4:$D$330,4,FALSE) -> 10829 | R49: 5656 | S49: 6000 | U49: 6000 | V49: 7857.42 | W49: =VLOOKUP(J49,'[7]02.26 מעודכן'!$B$2:$N$144,13,FALSE) -> 5725.24 | X49: 6191.35 | Y49: 8621.43
A50: בן נתן | B50: מלי | C50: זברה ש.חירום וטרינריים | D50: 10364 | F50: 82 | G50: זינדני | H50: שני | J50: 778 | K50: 77 | L50: קרסנר | M50: ניר | N50: זברה ש.חירום וטרינריים | O50: =VLOOKUP(K50,גליון1!$A$11:$L$323,11,FALSE) -> 23440 | P50: =VLOOKUP(K50,גליון1!$A$11:$L$323,12,FALSE) -> 20821 | Q50: =VLOOKUP(K50,'השוואה חודשית 11.25 מול 10.25'!$A$4:$D$330,4,FALSE) -> 23926 | R50: 22486 | S50: 26625 | T50: 3559.92 | U50: 23065.08 | V50: 17857.36 | W50: =VLOOKUP(J50,'[7]02.26 מעודכן'!$B$2:$N$144,13,FALSE) -> 21306.65 | X50: 19693.13 | Y50: 22211.32
A51: גרוס וולק | B51: מאיה | C51: זברה ש.חירום וטרינריים | D51: 9477 | F51: 83 | G51: אריאלי | H51: נועם | J51: 794 | K51: 79 | L51: רוזנבליט | M51: הדר | N51: זברה ש.חירום וטרינריים | O51: =VLOOKUP(K51,גליון1!$A$11:$L$323,11,FALSE) -> 11840 | P51: =VLOOKUP(K51,גליון1!$A$11:$L$323,12,FALSE) -> 12530 | Q51: =VLOOKUP(K51,'השוואה חודשית 11.25 מול 10.25'!$A$4:$D$330,4,FALSE) -> 15043 | R51: 11732 | S51: 11049 | U51: 11049 | V51: 11145.18 | W51: =VLOOKUP(J51,'[7]02.26 מעודכן'!$B$2:$N$144,13,FALSE) -> 9089.31 | X51: 11519.16 | Y51: 12378.99
A52: אוריאל | B52: לי | C52: זברה ש.חירום וטרינריים | D52: 12785 | F52: 90 | G52: דוידוביץ | H52: לירון | J52: 802 | K52: 80 | L52: בן שושן | M52: שירה | N52: זברה ש.חירום וטרינריים | O52: =VLOOKUP(K52,גליון1!$A$11:$L$323,11,FALSE) -> 2929 | P52: =VLOOKUP(K52,גליון1!$A$11:$L$323,12,FALSE) -> 2322 | Q52: =VLOOKUP(K52,'השוואה חודשית 11.25 מול 10.25'!$A$4:$D$330,4,FALSE) -> 5240 | R52: 1939 | S52: 0 | U52: 0 | W52: =VLOOKUP(J52,'[7]02.26 מעודכן'!$B$2:$N$144,13,FALSE) -> 0 | X52: 0 | Y52: 0
A53: אוריאל | B53: עמרי רון | C53: זברה ש.חירום וטרינריים | D53: 12592 | F53: 101 | G53: מס | H53: ענבר | J53: 0 | K53: 89 | L53: אלפנדרי | M53: עדי | N53: =VLOOKUP(L53,$A$3:$C$126,3,FALSE) -> #N/A | O53: =VLOOKUP(K53,גליון1!$A$11:$L$323,11,FALSE) -> 0 | P53: =VLOOKUP(K53,גליון1!$A$11:$L$323,12,FALSE) -> 0 | Q53: =VLOOKUP(K53,'השוואה חודשית 11.25 מול 10.25'!$A$4:$D$330,4,FALSE) -> 0 | R53: 0 | S53: 0 | U53: 0
A54: אפרים | B54: ליהי | C54: זברה ש.חירום וטרינריים | D54: 12656 | F54: 103 | G54: קעדאן | H54: ריוא | J54: 919 | K54: 91 | L54: ביטון | M54: גיא | N54: זברה ש.חירום וטרינריים | O54: =VLOOKUP(K54,גליון1!$A$11:$L$323,11,FALSE) -> 14633 | P54: =VLOOKUP(K54,גליון1!$A$11:$L$323,12,FALSE) -> 12671 | Q54: =VLOOKUP(K54,'השוואה חודשית 11.25 מול 10.25'!$A$4:$D$330,4,FALSE) -> 20778 | R54: 14978 | S54: 16750 | U54: 16750 | V54: 15007.18 | W54: =VLOOKUP(J54,'[7]02.26 מעודכן'!$B$2:$N$144,13,FALSE) -> 14756.12 | X54: 19874.34 | Y54: 17299.05
A55: מלכיאלי | B55: יובל | C55: זברה ש.חירום וטרינריים | D55: 12559 | F55: 122 | G55: מונדרוס | H55: אלה | J55: 927 | K55: 92 | L55: מייבסקי | M55: ניקול | N55: זברה ש.חירום וטרינריים | O55: =VLOOKUP(K55,גליון1!$A$11:$L$323,11,FALSE) -> 4453 | P55: =VLOOKUP(K55,גליון1!$A$11:$L$323,12,FALSE) -> 8643 | Q55: =VLOOKUP(K55,'השוואה חודשית 11.25 מול 10.25'!$A$4:$D$330,4,FALSE) -> 8623 | R55: 7158 | S55: 5878 | U55: 5878 | V55: 2625.75 | W55: =VLOOKUP(J55,'[7]02.26 מעודכן'!$B$2:$N$144,13,FALSE) -> 538.04 | X55: 2121.14 | Y55: 10978.59
A56: חן | B56: מאי | C56: זברה ש.חירום וטרינריים | D56: 12688 | F56: 126 | G56: דוד | H56: מיכל | J56: 935 | K56: 93 | L56: וירטהיים | M56: דניאל | N56: זברה ש.חירום וטרינריים | O56: =VLOOKUP(K56,גליון1!$A$11:$L$323,11,FALSE) -> 11696 | P56: =VLOOKUP(K56,גליון1!$A$11:$L$323,12,FALSE) -> 12920 | Q56: =VLOOKUP(K56,'השוואה חודשית 11.25 מול 10.25'!$A$4:$D$330,4,FALSE) -> 13754 | R56: 10831 | S56: 10169 | U56: 10169 | V56: 10026.95 | W56: =VLOOKUP(J56,'[7]02.26 מעודכן'!$B$2:$N$144,13,FALSE) -> 10345.72 | X56: 7119.23 | Y56: 10895.58
A57: סירוטה | B57: גאולה | C57: זברה ש.חירום וטרינריים | D57: 28145 | F57: 127 | G57: ינאי | H57: מיכל | J57: 943 | K57: 94 | L57: שבו | M57: אלירן | N57: זברה ש.חירום וטרינריים | O57: =VLOOKUP(K57,גליון1!$A$11:$L$323,11,FALSE) -> 5068 | P57: =VLOOKUP(K57,גליון1!$A$11:$L$323,12,FALSE) -> 5506 | Q57: =VLOOKUP(K57,'השוואה חודשית 11.25 מול 10.25'!$A$4:$D$330,4,FALSE) -> 9963 | R57: 6621 | S57: 6714 | U57: 6714 | V57: 8399.84 | W57: =VLOOKUP(J57,'[7]02.26 מעודכן'!$B$2:$N$144,13,FALSE) -> 6365.3 | X57: 7306.37 | Y57: 12679.57
A58: ביטון | B58: אבי | C58: זברה ש.חירום וטרינריים | D58: 19998 | F58: 130 | G58: כהן | H58: קרן בת ציון | J58: 1008 | K58: 100 | L58: כהן | M58: נוי | N58: זברה ש.חירום וטרינריים | O58: =VLOOKUP(K58,גליון1!$A$11:$L$323,11,FALSE) -> 4579 | P58: =VLOOKUP(K58,גליון1!$A$11:$L$323,12,FALSE) -> 570 | Q58: =VLOOKUP(K58,'השוואה חודשית 11.25 מול 10.25'!$A$4:$D$330,4,FALSE) -> 4935 | R58: 2635 | S58: 3285 | U58: 3285 | V58: 2110.63 | W58: =VLOOKUP(J58,'[7]02.26 מעודכן'!$B$2:$N$144,13,FALSE) -> 1537.53 | X58: 2649.15 | Y58: 4082.84
A59: צסקי | B59: בת אל | C59: זברה ש.חירום וטרינריים | D59: 7289 | F59: 136 | G59: אנגלר | H59: לימור | J59: 0 | K59: 102 | L59: לוטן | M59: סתיו | N59: זברה ש.חירום וטרינריים | O59: =VLOOKUP(K59,גליון1!$A$11:$L$323,11,FALSE) -> 4699 | P59: =VLOOKUP(K59,גליון1!$A$11:$L$323,12,FALSE) -> 8432 | Q59: =VLOOKUP(K59,'השוואה חודשית 11.25 מול 10.25'!$A$4:$D$330,4,FALSE) -> 0 | R59: 0 | S59: 0 | U59: 0
A60: רז שלמה | B60: הדר | C60: זברה ש.חירום וטרינריים | D60: 8395 | F60: 138 | G60: שפירא | H60: נדב | J60: 1057 | K60: 105 | L60: זלביץ | M60: עמית | N60: זברה ש.חירום וטרינריים | O60: =VLOOKUP(K60,גליון1!$A$11:$L$323,11,FALSE) -> 206 | P60: =VLOOKUP(K60,גליון1!$A$11:$L$323,12,FALSE) -> 2834 | Q60: =VLOOKUP(K60,'השוואה חודשית 11.25 מול 10.25'!$A$4:$D$330,4,FALSE) -> 6175 | R60: 3005 | S60: 2555 | U60: 2555 | V60: 1535.49 | W60: =VLOOKUP(J60,'[7]02.26 מעודכן'!$B$2:$N$144,13,FALSE) -> 1832.79 | X60: 4345.7 | Y60: 1399.84
A61: שרון | B61: מיה | C61: זברה ש.חירום וטרינריים | D61: 22118 | F61: 143 | G61: בר נתן | H61: מלי | J61: 0 | K61: 133 | L61: לוי | M61: ניב | N61: זברה ש.חירום וטרינריים | O61: =VLOOKUP(K61,גליון1!$A$11:$L$323,11,FALSE) -> 5677 | P61: =VLOOKUP(K61,גליון1!$A$11:$L$323,12,FALSE) -> 0 | Q61: =VLOOKUP(K61,'השוואה חודשית 11.25 מול 10.25'!$A$4:$D$330,4,FALSE) -> 0 | R61: 0 | S61: 0 | U61: 0
A62: נחמיאס | B62: אלונה | C62: זברה ש.חירום וטרינריים | D62: 4439 | F62: 145 | G62: גרוס וולק | H62: מאיה | J62: 1479 | K62: 147 | L62: בן אליהו | M62: רויטל | N62: זברה ש.חירום וטרינריים | O62: =VLOOKUP(K62,גליון1!$A$11:$L$323,11,FALSE) -> 10104 | P62: =VLOOKUP(K62,גליון1!$A$11:$L$323,12,FALSE) -> 12509 | Q62: =VLOOKUP(K62,'השוואה חודשית 11.25 מול 10.25'!$A$4:$D$330,4,FALSE) -> 16112 | R62: 13147 | S62: 14210 | U62: 14210 | V62: 11685.35 | W62: =VLOOKUP(J62,'[7]02.26 מעודכן'!$B$2:$N$144,13,FALSE) -> 11359.25 | X62: 14934.65 | Y62: 13643.64
A63: חאסקיה | B63: מרח | C63: זברה ש.חירום וטרינריים | D63: 12645 | J63: 0 | K63: 153 | L63: מילר | M63: יותם | N63: =VLOOKUP(L63,$A$3:$C$126,3,FALSE) -> #N/A | O63: =VLOOKUP(K63,גליון1!$A$11:$L$323,11,FALSE) -> 0 | P63: =VLOOKUP(K63,גליון1!$A$11:$L$323,12,FALSE) -> 0 | Q63: =VLOOKUP(K63,'השוואה חודשית 11.25 מול 10.25'!$A$4:$D$330,4,FALSE) -> 0 | R63: 0 | S63: 0 | U63: 0
A64: אחינעם | B64: גל | C64: זברה ש.חירום וטרינריים | D64: 14524 | J64: 1545 | K64: 154 | L64: גולדמינץ | M64: שלי | N64: זברה ש.חירום וטרינריים | O64: =VLOOKUP(K64,גליון1!$A$11:$L$323,11,FALSE) -> 7563 | P64: =VLOOKUP(K64,גליון1!$A$11:$L$323,12,FALSE) -> 7917 | Q64: =VLOOKUP(K64,'השוואה חודשית 11.25 מול 10.25'!$A$4:$D$330,4,FALSE) -> 8895 | R64: 1519 | S64: 3540 | U64: 3540 | V64: 2664.87 | W64: =VLOOKUP(J64,'[7]02.26 מעודכן'!$B$2:$N$144,13,FALSE) -> 2327.95 | X64: 3051.71 | Y64: 4190.1
A65: בבא | B65: גל | C65: זברה ש.חירום וטרינריים | D65: 19006 | J65: 1552 | K65: 155 | L65: בר | M65: נועה | N65: זברה ש.חירום וטרינריים | O65: =VLOOKUP(K65,גליון1!$A$11:$L$323,11,FALSE) -> 3370 | P65: =VLOOKUP(K65,גליון1!$A$11:$L$323,12,FALSE) -> 3251 | Q65: =VLOOKUP(K65,'השוואה חודשית 11.25 מול 10.25'!$A$4:$D$330,4,FALSE) -> 10748 | R65: 8666 | S65: 7304 | U65: 7304 | V65: 8936.47 | W65: =VLOOKUP(J65,'[7]02.26 מעודכן'!$B$2:$N$144,13,FALSE) -> 4397.27 | X65: 8630.22 | Y65: 10796.62
A66: שבו | B66: משה | C66: זברה ש.חירום וטרינריים | D66: 16779 | J66: 0 | K66: 159 | L66: אדרי | M66: לורי | N66: =VLOOKUP(L66,$A$3:$C$126,3,FALSE) -> #N/A | O66: =VLOOKUP(K66,גליון1!$A$11:$L$323,11,FALSE) -> 0 | P66: =VLOOKUP(K66,גליון1!$A$11:$L$323,12,FALSE) -> 0 | Q66: =VLOOKUP(K66,'השוואה חודשית 11.25 מול 10.25'!$A$4:$D$330,4,FALSE) -> 0 | R66: 0 | S66: 0 | U66: 0
A67: שטיין | B67: שיר | C67: זברה ש.חירום וטרינריים | D67: 6531 | J67: 0 | K67: 160 | L67: מנסור | M67: חלאווה | N67: זברה ש.חירום וטרינריים | O67: =VLOOKUP(K67,גליון1!$A$11:$L$323,11,FALSE) -> 3413 | P67: =VLOOKUP(K67,גליון1!$A$11:$L$323,12,FALSE) -> 0 | Q67: =VLOOKUP(K67,'השוואה חודשית 11.25 מול 10.25'!$A$4:$D$330,4,FALSE) -> 0 | R67: 0 | S67: 0 | U67: 0
A68: לוי מנג'ם | B68: הדס | C68: זברה ש.חירום וטרינריים | D68: 6000 | J68: 0 | K68: 164 | L68: רוזנברג | M68: עפרי | N68: =VLOOKUP(L68,$A$3:$C$126,3,FALSE) -> #N/A | O68: =VLOOKUP(K68,גליון1!$A$11:$L$323,11,FALSE) -> 0 | P68: =VLOOKUP(K68,גליון1!$A$11:$L$323,12,FALSE) -> 0 | Q68: =VLOOKUP(K68,'השוואה חודשית 11.25 מול 10.25'!$A$4:$D$330,4,FALSE) -> 0 | R68: 0 | S68: 0 | U68: 0
A69: קרסנר | B69: ניר | C69: זברה ש.חירום וטרינריים | D69: 26625 | J69: 0 | K69: 165 | L69: יורקביץ | M69: רחל אמנו צפורה | N69: =VLOOKUP(L69,$A$3:$C$126,3,FALSE) -> #N/A | O69: =VLOOKUP(K69,גליון1!$A$11:$L$323,11,FALSE) -> 0 | P69: =VLOOKUP(K69,גליון1!$A$11:$L$323,12,FALSE) -> 0 | Q69: =VLOOKUP(K69,'השוואה חודשית 11.25 מול 10.25'!$A$4:$D$330,4,FALSE) -> 0 | R69: 0 | S69: 0 | U69: 0
A70: רוזנבליט | B70: הדר | C70: זברה ש.חירום וטרינריים | D70: 11049 | J70: 1669 | K70: 166 | L70: שטיינר | M70: דולי קלריס | N70: זברה ש.חירום וטרינריים | O70: =VLOOKUP(K70,גליון1!$A$11:$L$323,11,FALSE) -> 12245 | P70: =VLOOKUP(K70,גליון1!$A$11:$L$323,12,FALSE) -> 10315 | Q70: =VLOOKUP(K70,'השוואה חודשית 11.25 מול 10.25'!$A$4:$D$330,4,FALSE) -> 13580 | R70: 13532 | S70: 9122 | U70: 9122 | V70: 15267.7 | W70: =VLOOKUP(J70,'[7]02.26 מעודכן'!$B$2:$N$144,13,FALSE) -> 12749.59 | X70: 14106.43 | Y70: 16543.82
A71: ביטון | B71: גיא | C71: זברה ש.חירום וטרינריים | D71: 16750 | J71: 0 | K71: 167 | L71: עראידה | M71: קרן | N71: =VLOOKUP(L71,$A$3:$C$126,3,FALSE) -> #N/A | O71: =VLOOKUP(K71,גליון1!$A$11:$L$323,11,FALSE) -> 0 | P71: =VLOOKUP(K71,גליון1!$A$11:$L$323,12,FALSE) -> 0 | Q71: =VLOOKUP(K71,'השוואה חודשית 11.25 מול 10.25'!$A$4:$D$330,4,FALSE) -> 0 | R71: 0 | S71: 0 | U71: 0
A72: מייבסקי | B72: ניקול | C72: זברה ש.חירום וטרינריים | D72: 5878 | J72: 0 | K72: 176 | L72: לבקוביץ | M72: מיה | N72: זברה ש.חירום וטרינריים | O72: =VLOOKUP(K72,גליון1!$A$11:$L$323,11,FALSE) -> 2636 | P72: =VLOOKUP(K72,גליון1!$A$11:$L$323,12,FALSE) -> 3936 | Q72: =VLOOKUP(K72,'השוואה חודשית 11.25 מול 10.25'!$A$4:$D$330,4,FALSE) -> 0 | R72: 0 | S72: 0 | U72: 0
A73: וירטהיים | B73: דניאל | C73: זברה ש.חירום וטרינריים | D73: 10169 | J73: 1776 | K73: 177 | L73: ספא | M73: וולאא | N73: זברה ש.חירום וטרינריים | O73: =VLOOKUP(K73,גליון1!$A$11:$L$323,11,FALSE) -> 11370 | P73: =VLOOKUP(K73,גליון1!$A$11:$L$323,12,FALSE) -> 11705 | Q73: =VLOOKUP(K73,'השוואה חודשית 11.25 מול 10.25'!$A$4:$D$330,4,FALSE) -> 11089 | R73: 8307 | S73: 16166 | U73: 16166 | V73: 10470.71 | W73: =VLOOKUP(J73,'[7]02.26 מעודכן'!$B$2:$N$144,13,FALSE) -> 8879.55 | X73: 8510.51 | Y73: 12917.13
A74: שבו | B74: אלירן | C74: זברה ש.חירום וטרינריים | D74: 6714 | J74: 1818 | K74: 181 | L74: אברהם | M74: עידן | N74: זברה ש.חירום וטרינריים | O74: =VLOOKUP(K74,גליון1!$A$11:$L$323,11,FALSE) -> 12753 | P74: =VLOOKUP(K74,גליון1!$A$11:$L$323,12,FALSE) -> 12751 | Q74: =VLOOKUP(K74,'השוואה חודשית 11.25 מול 10.25'!$A$4:$D$330,4,FALSE) -> 12656 | R74: 12592 | S74: 12559 | U74: 12559 | V74: 12618.1 | W74: =VLOOKUP(J74,'[7]02.26 מעודכן'!$B$2:$N$144,13,FALSE) -> 12295.3 | X74: 12028.85 | Y74: 12184.27
A75: כהן | B75: נוי | C75: זברה ש.חירום וטרינריים | D75: 3285 | J75: 1842 | K75: 184 | L75: נאטור | M75: נדין | N75: זברה ש.חירום וטרינריים | O75: =VLOOKUP(K75,גליון1!$A$11:$L$323,11,FALSE) -> 6682 | P75: =VLOOKUP(K75,גליון1!$A$11:$L$323,12,FALSE) -> 6276 | Q75: =VLOOKUP(K75,'השוואה חודשית 11.25 מול 10.25'!$A$4:$D$330,4,FALSE) -> 6905 | R75: 6880 | S75: 0 | U75: 0 | W75: =VLOOKUP(J75,'[7]02.26 מעודכן'!$B$2:$N$144,13,FALSE) -> 0 | X75: 0 | Y75: 0
A76: זלביץ | B76: עמית | C76: זברה ש.חירום וטרינריים | D76: 2555 | J76: 1859 | K76: 185 | L76: שיבולי | M76: נרי | N76: זברה ש.חירום וטרינריים | O76: =VLOOKUP(K76,גליון1!$A$11:$L$323,11,FALSE) -> 5638 | P76: =VLOOKUP(K76,גליון1!$A$11:$L$323,12,FALSE) -> 5515 | Q76: =VLOOKUP(K76,'השוואה חודשית 11.25 מול 10.25'!$A$4:$D$330,4,FALSE) -> 5402 | R76: 4422 | S76: 5851 | U76: 5851 | V76: 4994.78 | W76: =VLOOKUP(J76,'[7]02.26 מעודכן'!$B$2:$N$144,13,FALSE) -> 2222.58 | X76: 5270.93 | Y76: 7750.77
A77: בן אליהו | B77: רויטל | C77: זברה ש.חירום וטרינריים | D77: 14210 | J77: 0 | K77: 186 | L77: זמיר | M77: שירה | N77: זברה ש.חירום וטרינריים | O77: =VLOOKUP(K77,גליון1!$A$11:$L$323,11,FALSE) -> 848 | P77: =VLOOKUP(K77,גליון1!$A$11:$L$323,12,FALSE) -> 0 | Q77: =VLOOKUP(K77,'השוואה חודשית 11.25 מול 10.25'!$A$4:$D$330,4,FALSE) -> 0 | R77: 0 | S77: 0 | U77: 0
A78: גולדמינץ | B78: שלי | C78: זברה ש.חירום וטרינריים | D78: 3540 | J78: 1909 | K78: 190 | L78: לוי | M78: נעה | N78: זברה ש.חירום וטרינריים | O78: =VLOOKUP(K78,גליון1!$A$11:$L$323,11,FALSE) -> 6342 | P78: =VLOOKUP(K78,גליון1!$A$11:$L$323,12,FALSE) -> 7231 | Q78: =VLOOKUP(K78,'השוואה חודשית 11.25 מול 10.25'!$A$4:$D$330,4,FALSE) -> 7868 | R78: 8832 | S78: 11817 | U78: 11817 | V78: 10728.95 | W78: =VLOOKUP(J78,'[7]02.26 מעודכן'!$B$2:$N$144,13,FALSE) -> 18348.9 | X78: 9183.66 | Y78: 12537.86
A79: בר | B79: נועה | C79: זברה ש.חירום וטרינריים | D79: 7304 | J79: 1925 | K79: 192 | L79: קפלן | M79: ליאור | N79: זברה ש.חירום וטרינריים | O79: =VLOOKUP(K79,גליון1!$A$11:$L$323,11,FALSE) -> 3999 | P79: =VLOOKUP(K79,גליון1!$A$11:$L$323,12,FALSE) -> 6668 | Q79: =VLOOKUP(K79,'השוואה חודשית 11.25 מול 10.25'!$A$4:$D$330,4,FALSE) -> 4543 | R79: 7420 | S79: 9065 | U79: 9065 | V79: 7600.94 | W79: =VLOOKUP(J79,'[7]02.26 מעודכן'!$B$2:$N$144,13,FALSE) -> 8356.19 | X79: 9288.43 | Y79: 10589.44
A80: שטיינר | B80: דולי קלריס | C80: זברה ש.חירום וטרינריים | D80: 9122 | J80: 0 | K80: 193 | L80: פחימה | M80: עמית דניאל | N80: זברה ש.חירום וטרינריים | O80: =VLOOKUP(K80,גליון1!$A$11:$L$323,11,FALSE) -> 1747 | P80: =VLOOKUP(K80,גליון1!$A$11:$L$323,12,FALSE) -> 393 | Q80: =VLOOKUP(K80,'השוואה חודשית 11.25 מול 10.25'!$A$4:$D$330,4,FALSE) -> 0 | R80: 0 | S80: 0 | U80: 0
A81: ספא | B81: וולאא | C81: זברה ש.חירום וטרינריים | D81: 16166 | J81: 1958 | K81: 195 | L81: שוגר | M81: נועם | N81: זברה ש.חירום וטרינריים | O81: =VLOOKUP(K81,גליון1!$A$11:$L$323,11,FALSE) -> 0 | P81: =VLOOKUP(K81,גליון1!$A$11:$L$323,12,FALSE) -> 8036 | Q81: =VLOOKUP(K81,'השוואה חודשית 11.25 מול 10.25'!$A$4:$D$330,4,FALSE) -> 32589 | R81: 31825 | S81: 50353 | U81: 50353 | V81: 36904.23 | W81: =VLOOKUP(J81,'[7]02.26 מעודכן'!$B$2:$N$144,13,FALSE) -> 34455.8 | X81: 30788.62 | Y81: 31507.75
A82: אברהם | B82: עידן | C82: זברה ש.חירום וטרינריים | D82: 12559 | J82: 0 | K82: 196 | L82: היימן קמחי | M82: יובל | N82: זברה ש.חירום וטרינריים | O82: =VLOOKUP(K82,גליון1!$A$11:$L$323,11,FALSE) -> 0 | P82: =VLOOKUP(K82,גליון1!$A$11:$L$323,12,FALSE) -> 4261 | Q82: =VLOOKUP(K82,'השוואה חודשית 11.25 מול 10.25'!$A$4:$D$330,4,FALSE) -> 4689 | R82: 0 | S82: 0 | U82: 0
A83: שיבולי | B83: נרי | C83: זברה ש.חירום וטרינריים | D83: 5851 | J83: 1974 | K83: 197 | L83: ידיד אל | M83: שלמה | N83: זברה ש.חירום וטרינריים | O83: =VLOOKUP(K83,גליון1!$A$11:$L$323,11,FALSE) -> 0 | P83: =VLOOKUP(K83,גליון1!$A$11:$L$323,12,FALSE) -> 647 | Q83: =VLOOKUP(K83,'השוואה חודשית 11.25 מול 10.25'!$A$4:$D$330,4,FALSE) -> 5533 | R83: 2614 | S83: 0 | U83: 0 | W83: =VLOOKUP(J83,'[7]02.26 מעודכן'!$B$2:$N$144,13,FALSE) -> 0 | X83: 0 | Y83: 0
A84: לוי | B84: נעה | C84: זברה ש.חירום וטרינריים | D84: 11817 | J84: 1990 | K84: 199 | L84: בקשי | M84: דולב | N84: זברה ש.חירום וטרינריים | Q84: =VLOOKUP(K84,'השוואה חודשית 11.25 מול 10.25'!$A$4:$D$330,4,FALSE) -> 2434 | R84: 4997 | S84: 0 | U84: 0 | W84: =VLOOKUP(J84,'[7]02.26 מעודכן'!$B$2:$N$144,13,FALSE) -> 0 | X84: 0 | Y84: 0
A85: קפלן | B85: ליאור | C85: זברה ש.חירום וטרינריים | D85: 9065 | J85: 2006 | K85: 200 | L85: שהלה | M85: הילה | N85: זברה ש.חירום וטרינריים | Q85: =VLOOKUP(K85,'השוואה חודשית 11.25 מול 10.25'!$A$4:$D$330,4,FALSE) -> 3095 | R85: 5959 | S85: 6717 | U85: 6717 | V85: 7677.18 | W85: =VLOOKUP(J85,'[7]02.26 מעודכן'!$B$2:$N$144,13,FALSE) -> 9168.51 | X85: 9755.23 | Y85: 15062.56
A86: שוגר | B86: נועם | C86: זברה ש.חירום וטרינריים | D86: 50353 | J86: 0 | K86: 201 | L86: אלוורץ אריאס | M86: נטאלי | N86: זברה ש.חירום וטרינריים | Q86: =VLOOKUP(K86,'השוואה חודשית 11.25 מול 10.25'!$A$4:$D$330,4,FALSE) -> 199 | R86: 0 | S86: 0 | U86: 0
A87: שהלה | B87: הילה | C87: זברה ש.חירום וטרינריים | D87: 6717 | J87: 2030 | K87: 203 | L87: קוקלנסקי | M87: הראל | N87: זברה ש.חירום וטרינריים | Q87: =VLOOKUP(K87,'השוואה חודשית 11.25 מול 10.25'!$A$4:$D$330,4,FALSE) -> 0 | R87: 2267 | S87: 5922 | U87: 5922 | V87: 5325.58 | W87: =VLOOKUP(J87,'[7]02.26 מעודכן'!$B$2:$N$144,13,FALSE) -> 5562.67 | X87: 8201.33 | Y87: 10456.69
A88: קוקלנסקי | B88: הראל | C88: זברה ש.חירום וטרינריים | D88: 5922 | J88: 2071 | K88: 207 | L88: חמרה | M88: נוי | N88: זברה ש.חירום וטרינריים | R88: 0 | S88: 1665 | U88: 1665 | V88: 3658.25 | W88: =VLOOKUP(J88,'[7]02.26 מעודכן'!$B$2:$N$144,13,FALSE) -> 4853.48 | X88: 2168.57 | Y88: 4377.65
A89: חמרה | B89: נוי | C89: זברה ש.חירום וטרינריים | D89: 1665 | J89: 2089 | K89: 208 | L89: ברק מורן | M89: ליאור | N89: זברה ש.חירום וטרינריים | R89: 0 | S89: 6419 | U89: 6419 | V89: 6657.54 | W89: =VLOOKUP(J89,'[7]02.26 מעודכן'!$B$2:$N$144,13,FALSE) -> 4219.27 | X89: 14.08 | Y89: 776.04
A90: ברק מורן | B90: ליאור | C90: זברה ש.חירום וטרינריים | D90: 6419 | J90: 2121 | L90: מנור | M90: אלי | N90: זברה ש.חירום וטרינריים | V90: 5253.36 | W90: =VLOOKUP(J90,'[7]02.26 מעודכן'!$B$2:$N$144,13,FALSE) -> 5687.45 | X90: 2910.94 | Y90: 6249.49
A91: שגב | B91: יסמין | C91: זברה ש.חירום וטרינריים | D91: 14087 | J91: 2139 | L91: לוטנברג | M91: עדן | N91: זברה ש.חירום וטרינריים | V91: 593.53 | W91: =VLOOKUP(J91,'[7]02.26 מעודכן'!$B$2:$N$144,13,FALSE) -> 1126.83 | X91: 1100.4 | Y91: 6415.9
A92: גאנז | B92: זאב | C92: זברה ש.חירום וטרינריים | D92: 39530 | J92: 42 | K92: 4 | L92: שני | M92: יונתן | N92: =VLOOKUP(L92,$A$3:$C$126,3,FALSE) -> א.י כירורגיה ואורטופדיה | O92: =VLOOKUP(K92,גליון1!$A$11:$L$323,11,FALSE) -> 35815 | P92: =VLOOKUP(K92,גליון1!$A$11:$L$323,12,FALSE) -> 42225 | Q92: =VLOOKUP(K92,'השוואה חודשית 11.25 מול 10.25'!$A$4:$D$330,4,FALSE) -> 34591 | R92: 39008 | S92: 38142 | U92: 38142 | V92: 39101.71 | W92: =VLOOKUP(J92,'[7]02.26 מעודכן'!$B$2:$N$144,13,FALSE) -> 35065.01 | X92: 206234.53 | Y92: 44148.13
A93: שילד | B93: דנה | C93: מטה | D93: 38014 | J93: 59 | K93: 5 | L93: סגל | M93: אורי | N93: א.י כירורגיה ואורטופדיה | O93: =VLOOKUP(K93,גליון1!$A$11:$L$323,11,FALSE) -> 44129 | P93: =VLOOKUP(K93,גליון1!$A$11:$L$323,12,FALSE) -> 36836 | Q93: =VLOOKUP(K93,'השוואה חודשית 11.25 מול 10.25'!$A$4:$D$330,4,FALSE) -> 67424 | R93: 40501 | S93: 41484 | U93: 41484 | V93: 40762.11 | W93: =VLOOKUP(J93,'[7]02.26 מעודכן'!$B$2:$N$144,13,FALSE) -> 44798.82 | X93: 216904.02 | Y93: 40336.12
A94: יוסילוביץ | B94: עירית | C94: מטה | D94: 4389 | J94: 547 | K94: 54 | L94: עתאמנה | M94: ראיה | N94: א.י כירורגיה ואורטופדיה | O94: =VLOOKUP(K94,גליון1!$A$11:$L$323,11,FALSE) -> 14835 | P94: =VLOOKUP(K94,גליון1!$A$11:$L$323,12,FALSE) -> 1941 | Q94: =VLOOKUP(K94,'השוואה חודשית 11.25 מול 10.25'!$A$4:$D$330,4,FALSE) -> 157 | R94: 4640 | S94: 0 | U94: 0 | W94: =VLOOKUP(J94,'[7]02.26 מעודכן'!$B$2:$N$144,13,FALSE) -> 7440.62 | X94: 14914.14 | Y94: 30601.15
A95: לוי | B95: דיקלה | C95: מטה | D95: 4158 | J95: 612 | K95: 61 | L95: ברגר | M95: חן | N95: א.י כירורגיה ואורטופדיה | O95: =VLOOKUP(K95,גליון1!$A$11:$L$323,11,FALSE) -> 23847 | P95: =VLOOKUP(K95,גליון1!$A$11:$L$323,12,FALSE) -> 0 | Q95: =VLOOKUP(K95,'השוואה חודשית 11.25 מול 10.25'!$A$4:$D$330,4,FALSE) -> 510 | R95: 0 | S95: 0 | U95: 0 | W95: =VLOOKUP(J95,'[7]02.26 מעודכן'!$B$2:$N$144,13,FALSE) -> 9408.62 | X95: 21740.6 | Y95: 26430.5
A96: גולדרינג | B96: אורלי | C96: מרכז ווטרינרי החזקות | D96: 14306 | J96: 1636 | K96: 163 | L96: קריספין | M96: רועי | N96: =VLOOKUP(L96,$A$3:$C$126,3,FALSE) -> א.י כירורגיה ואורטופדיה | O96: =VLOOKUP(K96,גליון1!$A$11:$L$323,11,FALSE) -> 13440 | P96: =VLOOKUP(K96,גליון1!$A$11:$L$323,12,FALSE) -> 13728 | Q96: =VLOOKUP(K96,'השוואה חודשית 11.25 מול 10.25'!$A$4:$D$330,4,FALSE) -> 13537 | R96: 13375 | S96: 20834 | U96: 20834 | W96: =VLOOKUP(J96,'[7]02.26 מעודכן'!$B$2:$N$144,13,FALSE) -> 0 | X96: 0 | Y96: 0
A97: מנדל | B97: סיגל | C97: מרכז ווטרינרי החזקות | D97: 19233 | J97: 67 | K97: 6 | L97: נחמה | M97: גוני | N97: =VLOOKUP(L97,$A$3:$C$126,3,FALSE) -> א.י כירורגיה ואורטופדיה | O97: =VLOOKUP(K97,גליון1!$A$11:$L$323,11,FALSE) -> 579 | P97: =VLOOKUP(K97,גליון1!$A$11:$L$323,12,FALSE) -> 0 | Q97: =VLOOKUP(K97,'השוואה חודשית 11.25 מול 10.25'!$A$4:$D$330,4,FALSE) -> 1984 | R97: 4795 | S97: 328 | U97: 328 | V97: 155.51 | W97: =VLOOKUP(J97,'[7]02.26 מעודכן'!$B$2:$N$144,13,FALSE) -> 155.51 | X97: 171.61 | Y97: 71.76
A98: וינרופ בר | B98: נועה | C98: מרכז ווטרינרי החזקות | D98: 4997 | J98: 174 | K98: 17 | L98: חרפק | M98: שחר | N98: =VLOOKUP(L98,$A$3:$C$126,3,FALSE) -> א.י כירורגיה ואורטופדיה | O98: =VLOOKUP(K98,גליון1!$A$11:$L$323,11,FALSE) -> 22779 | P98: =VLOOKUP(K98,גליון1!$A$11:$L$323,12,FALSE) -> 22840 | Q98: =VLOOKUP(K98,'השוואה חודשית 11.25 מול 10.25'!$A$4:$D$330,4,FALSE) -> 21869 | R98: 24898 | S98: 22348 | U98: 22348 | V98: 23532.66 | W98: =VLOOKUP(J98,'[7]02.26 מעודכן'!$B$2:$N$144,13,FALSE) -> 22686.13 | X98: 22059.45 | Y98: 22020.98
A99: טפיארו | B99: רותם | C99: מרכז ווטרינרי החזקות | D99: 11957 | J99: 323 | K99: 32 | L99: זלוטניק | M99: ליאור | N99: =VLOOKUP(L99,$A$3:$C$126,3,FALSE) -> א.י כירורגיה ואורטופדיה | O99: =VLOOKUP(K99,גליון1!$A$11:$L$323,11,FALSE) -> 10264 | P99: =VLOOKUP(K99,גליון1!$A$11:$L$323,12,FALSE) -> 11952 | Q99: =VLOOKUP(K99,'השוואה חודשית 11.25 מול 10.25'!$A$4:$D$330,4,FALSE) -> 11190 | R99: 15083 | S99: 14556 | U99: 14556 | V99: 12948.53 | W99: =VLOOKUP(J99,'[7]02.26 מעודכן'!$B$2:$N$144,13,FALSE) -> 9579.15 | X99: 2912.51 | Y99: 1967.75
A100: סלע | B100: שי | C100: מרכז ווטרינרי החזקות | D100: 10747 | J100: 372 | K100: 37 | L100: אברהמי | M100: דנה | N100: =VLOOKUP(L100,$A$3:$C$126,3,FALSE) -> א.י כירורגיה ואורטופדיה | O100: =VLOOKUP(K100,גליון1!$A$11:$L$323,11,FALSE) -> 4619 | P100: =VLOOKUP(K100,גליון1!$A$11:$L$323,12,FALSE) -> 0 | Q100: =VLOOKUP(K100,'השוואה חודשית 11.25 מול 10.25'!$A$4:$D$330,4,FALSE) -> 325 | R100: 6244 | S100: 2917 | U100: 2917 | V100: 2102.06 | W100: =VLOOKUP(J100,'[7]02.26 מעודכן'!$B$2:$N$144,13,FALSE) -> 1173.39 | X100: 2084.67 | Y100: 5182.4
...

Sheet נתוני כ"ס - חירום
A1: מספר עובד חדש | B1: מספר עובד | C1: שם משפחה | D1: שם פרטי | E1: מחלקה | F1: 8.25 | G1: 9.25 | H1: 10.25 | I1: 11.25 | J1: 12.25 | K1: 1.26 | L1: 2.26 | M1: 3.26 | N1: 4.26
A2: 26 | B2: 2 | C2: פיליפס | D2: ארית | E2: זברה ש.חירום וטרינריים | F2: 35587 | G2: 41302 | H2: 32868 | I2: 34297 | J2: 43474 | K2: 34927.07 | L2: =VLOOKUP(A2,'סה"כ כ"ס'!$J$3:$W$179,14,FALSE) -> 36323.76 | M2: =VLOOKUP(A2,'סה"כ כ"ס'!$J$3:$X$187,15,FALSE) -> 38852.43 | N2: =VLOOKUP(A2,'סה"כ כ"ס'!$J$3:$Y$188,16,FALSE) -> 42530.35
A3: 34 | B3: 3 | C3: נפתלי | D3: לישר חוה | E3: זברה ש.חירום וטרינריים | F3: 39476 | G3: 44610 | H3: 25054 | I3: 39501 | J3: 51419 | K3: 38372.66 | L3: =VLOOKUP(A3,'סה"כ כ"ס'!$J$3:$W$179,14,FALSE) -> 36231.07 | M3: =VLOOKUP(A3,'סה"כ כ"ס'!$J$3:$X$187,15,FALSE) -> 35761.82 | N3: =VLOOKUP(A3,'סה"כ כ"ס'!$J$3:$Y$188,16,FALSE) -> 41270.06
A4: 75 | B4: 7 | C4: בנקירר רגב | D4: טל | E4: זברה ש.חירום וטרינריים | F4: 24411 | G4: 32909 | H4: 28178 | I4: 31033 | J4: 33023 | K4: 25936.48 | L4: =VLOOKUP(A4,'סה"כ כ"ס'!$J$3:$W$179,14,FALSE) -> 22768.91 | M4: =VLOOKUP(A4,'סה"כ כ"ס'!$J$3:$X$187,15,FALSE) -> 23922.68 | N4: =VLOOKUP(A4,'סה"כ כ"ס'!$J$3:$Y$188,16,FALSE) -> 25292.88
A5: 166 | B5: 16 | C5: גורביץ | D5: בלה | E5: זברה ש.חירום וטרינריים | F5: 4718 | G5: 7413 | H5: 15306 | I5: 22267 | J5: 24584 | K5: 21804.38 | L5: =VLOOKUP(A5,'סה"כ כ"ס'!$J$3:$W$179,14,FALSE) -> 20598.36 | M5: =VLOOKUP(A5,'סה"כ כ"ס'!$J$3:$X$187,15,FALSE) -> 22552.82 | N5: =VLOOKUP(A5,'סה"כ כ"ס'!$J$3:$Y$188,16,FALSE) -> 24859.8
A6: 208 | B6: 20 | C6: עובד סלע | D6: שרי | E6: זברה ש.חירום וטרינריים | F6: 20634 | G6: 29273 | H6: 22138 | I6: 22621 | J6: 67080 | L6: =VLOOKUP(A6,'סה"כ כ"ס'!$J$3:$W$179,14,FALSE) -> 0 | N6: =VLOOKUP(A6,'סה"כ כ"ס'!$J$3:$Y$188,16,FALSE) -> 0
A7: 307 | B7: 30 | C7: כץ סמיט | D7: נעמה | E7: זברה ש.חירום וטרינריים | F7: 13752 | G7: 22913 | H7: 18151 | I7: 19367 | J7: 18443 | K7: 19358.63 | L7: =VLOOKUP(A7,'סה"כ כ"ס'!$J$3:$W$179,14,FALSE) -> 16845.1 | M7: =VLOOKUP(A7,'סה"כ כ"ס'!$J$3:$X$187,15,FALSE) -> 13400.41 | N7: =VLOOKUP(A7,'סה"כ כ"ס'!$J$3:$Y$188,16,FALSE) -> 20698.61
A8: 497 | B8: 49 | C8: פוזנר | D8: דניאל | E8: זברה ש.חירום וטרינריים | F8: 18492 | G8: 21003 | H8: 19763 | I8: 20380 | J8: 20427 | K8: 21599.98 | L8: =VLOOKUP(A8,'סה"כ כ"ס'!$J$3:$W$179,14,FALSE) -> 22919.93 | M8: =VLOOKUP(A8,'סה"כ כ"ס'!$J$3:$X$187,15,FALSE) -> 22272.21 | N8: =VLOOKUP(A8,'סה"כ כ"ס'!$J$3:$Y$188,16,FALSE) -> 21140.21
A9: 521 | B9: 52 | C9: רסקין רמניוק | D9: אודט | E9: זברה ש.חירום וטרינריים | F9: 17258 | G9: 22501 | H9: 18269 | I9: 15819 | J9: 13952 | K9: 19211.59 | L9: =VLOOKUP(A9,'סה"כ כ"ס'!$J$3:$W$179,14,FALSE) -> 15457.65 | M9: =VLOOKUP(A9,'סה"כ כ"ס'!$J$3:$X$187,15,FALSE) -> 7388.3 | N9: =VLOOKUP(A9,'סה"כ כ"ס'!$J$3:$Y$188,16,FALSE) -> 11060.55
A10: 596 | B10: 59 | C10: דונאיביץ | D10: אסיה | E10: זברה ש.חירום וטרינריים | F10: 31041 | G10: 28201 | H10: 42183 | I10: 25192 | J10: 59187 | K10: 35820.81 | L10: =VLOOKUP(A10,'סה"כ כ"ס'!$J$3:$W$179,14,FALSE) -> 40424.77 | M10: =VLOOKUP(A10,'סה"כ כ"ס'!$J$3:$X$187,15,FALSE) -> 34043.8 | N10: =VLOOKUP(A10,'סה"כ כ"ס'!$J$3:$Y$188,16,FALSE) -> 32166.1
